time_sec,commanded_torque,wheel_angle,angular_velocity,driver_torque,eps_torque
1.45800004247576e-06,400,1.4874999999999998,0.0,-6.0,1.0
0.0062596130001111305,400,1.4874999999999998,0.0,-6.0,1.0
0.008365712000340864,400,1.4874999999999998,0.0,-6.0,1.0
0.010469468999872333,400,1.4874999999999998,0.0,-6.0,1.0
0.014262790999964636,400,1.4874999999999998,0.0,-6.0,1.0
0.016367485000046145,400,1.4874999999999998,0.0,-6.0,1.0
0.01846837700031756,400,1.4874999999999998,0.0,-6.0,1.0
0.02057104000050458,400,1.4874999999999998,0.0,-6.0,1.0
0.023517861000073026,400,1.4874999999999998,0.0,-6.0,1.0
0.02571951500067371,400,1.4874999999999998,0.0,-6.0,1.0
0.02785722299995541,400,1.4874999999999998,0.0,-6.0,1.0
0.029960146000121313,400,1.4874999999999998,0.0,-6.0,1.0
0.032061507000435086,400,1.4874999999999998,0.0,-6.0,1.0
0.036433259000659746,400,1.4874999999999998,0.0,-6.0,1.0
0.03854133700042439,400,1.4874999999999998,0.0,-6.0,1.0
0.04064420900067489,400,1.4874999999999998,0.0,-6.0,1.0
0.04274760000043898,400,1.4874999999999998,0.0,-6.0,1.0
0.04636574899996049,400,1.4874999999999998,0.0,-6.0,8.0
0.04847544200038101,400,1.4874999999999998,0.0,-6.0,8.0
0.05057570900044084,400,1.4874999999999998,0.0,-6.0,8.0
0.05267727800037392,400,1.4874999999999998,0.0,-9.0,8.0
0.05478134700024384,400,1.4874999999999998,0.0,-9.0,8.0
0.05784236500039697,400,1.4874999999999998,0.0,-9.0,8.0
0.0599466419998862,400,1.4874999999999998,0.0,-9.0,8.0
0.06204930500007322,400,1.4874999999999998,0.0,-9.0,8.0
0.06415118600034475,400,1.4874999999999998,0.0,-9.0,8.0
0.06625202700070076,400,1.4874999999999998,5.949999999999999,-13.0,8.0
0.06920842900035495,400,1.4874999999999998,5.949999999999999,-13.0,8.0
0.07181109900011506,400,1.4874999999999998,5.949999999999999,-13.0,8.0
0.07391490700047143,400,1.4874999999999998,5.949999999999999,-13.0,8.0
0.07601527899987559,400,1.4874999999999998,5.949999999999999,-13.0,8.0
0.07850062700072158,400,1.4874999999999998,5.949999999999999,-16.0,8.0
0.08145218700065016,400,1.4874999999999998,5.949999999999999,-16.0,8.0
0.08366363100049057,400,1.4874999999999998,5.949999999999999,-16.0,8.0
0.08576686600008543,400,2.9749999999999996,7.437499999999999,-14.0,8.0
0.08790821900038281,400,2.9749999999999996,7.437499999999999,-14.0,8.0
0.0900195789999998,400,2.9749999999999996,7.437499999999999,-14.0,8.0
0.09414335800011031,400,2.9749999999999996,7.437499999999999,-14.0,8.0
0.09624612500010699,400,2.9749999999999996,7.437499999999999,-14.0,8.0
0.09834889200010366,400,2.9749999999999996,13.3875,-17.0,8.0
0.10045301199988899,400,2.9749999999999996,13.3875,-17.0,8.0
0.10474233200056915,400,2.9749999999999996,19.3375,-21.0,8.0
0.10684749400024884,400,2.9749999999999996,19.3375,-21.0,8.0
0.10894974100028776,400,2.9749999999999996,19.3375,-21.0,8.0
0.1110503730005803,400,2.9749999999999996,19.3375,-21.0,8.0
0.11400500499985355,400,2.9749999999999996,19.3375,-21.0,8.0
0.11614979500063782,400,2.9749999999999996,19.3375,-21.0,8.0
0.1182891690004908,400,2.9749999999999996,22.3125,-23.0,8.0
0.12039386300057231,400,2.9749999999999996,22.3125,-23.0,8.0
0.12249413000063214,400,2.9749999999999996,22.3125,-23.0,8.0
0.12546573800045735,400,2.9749999999999996,25.287499999999998,-24.0,8.0
0.12760823700045876,400,2.9749999999999996,25.287499999999998,-24.0,8.0
0.1297094420006033,400,2.9749999999999996,25.287499999999998,-24.0,8.0
0.1318129900000713,400,2.9749999999999996,25.287499999999998,-24.0,8.0
0.1339145070005543,400,2.9749999999999996,25.287499999999998,-24.0,8.0
0.13757165800052462,400,2.9749999999999996,28.2625,-24.0,8.0
0.13967468600003485,400,2.9749999999999996,28.2625,-24.0,8.0
0.14177333899988298,400,2.9749999999999996,28.2625,-24.0,8.0
0.14411762100007763,400,4.4624999999999995,31.237499999999997,-24.0,8.0
0.14707850200011308,400,4.4624999999999995,31.237499999999997,-24.0,8.0
0.14928338500067184,400,4.4624999999999995,31.237499999999997,-24.0,8.0
0.15138490200024535,400,4.4624999999999995,31.237499999999997,-24.0,8.0
0.15348537699992448,400,4.4624999999999995,31.237499999999997,-24.0,8.0
0.15558345800036477,400,4.4624999999999995,31.237499999999997,-24.0,8.0
0.15854735900029482,400,4.4624999999999995,32.725,-23.0,8.0
0.16065377100039768,400,4.4624999999999995,32.725,-23.0,8.0
0.16275232000043616,400,4.4624999999999995,32.725,-23.0,8.0
0.16485040000043227,400,4.4624999999999995,34.2125,-18.0,8.0
0.16695087600055558,400,4.4624999999999995,34.2125,-18.0,8.0
0.17066296500070166,400,4.4624999999999995,34.2125,-18.0,8.0
0.17276911600038147,400,4.4624999999999995,34.2125,-18.0,8.0
0.17486917600035667,400,4.4624999999999995,34.2125,-18.0,8.0
0.17741347100036364,400,4.4624999999999995,38.675,-14.0,8.0
0.1803600319999532,400,4.4624999999999995,38.675,-14.0,8.0
0.1825810050004293,400,4.4624999999999995,38.675,-14.0,8.0
0.1846850740002992,400,5.949999999999999,41.65,-16.0,8.0
0.18679450600029668,400,5.949999999999999,41.65,-16.0,8.0
0.1890262580000126,400,5.949999999999999,41.65,-16.0,8.0
0.19293263200052024,400,5.949999999999999,41.65,-16.0,8.0
0.1950360240007285,400,5.949999999999999,41.65,-16.0,8.0
0.1971367599999212,400,5.949999999999999,44.625,-17.0,8.0
0.19924004699987563,400,5.949999999999999,44.625,-17.0,8.0
0.20219254400035425,400,5.949999999999999,44.625,-17.0,8.0
0.20531854900036706,400,5.949999999999999,46.1125,-19.0,8.0
0.2074255860006815,400,5.949999999999999,46.1125,-19.0,8.0
0.2095259060006356,400,5.949999999999999,46.1125,-19.0,8.0
0.21346326300044893,400,5.949999999999999,46.1125,-19.0,8.0
0.21557253900027717,400,5.949999999999999,46.1125,-19.0,8.0
0.2176787950002108,400,7.437499999999999,46.1125,-19.0,8.0
0.21978203100024984,400,7.437499999999999,46.1125,-19.0,8.0
0.22273025800041069,400,7.437499999999999,46.1125,-19.0,8.0
0.2248351600001115,400,7.437499999999999,46.1125,-17.0,8.0
0.22693698900002346,400,7.437499999999999,46.1125,-17.0,8.0
0.22904236000067613,400,7.437499999999999,46.1125,-17.0,8.0
0.23114356499991118,400,7.437499999999999,46.1125,-17.0,8.0
0.23409319800066442,400,7.437499999999999,46.1125,-17.0,8.0
0.23669966800025577,400,7.437499999999999,47.599999999999994,-14.0,8.0
0.23880394600018917,400,7.437499999999999,47.599999999999994,-14.0,8.0
0.24090405700007977,400,7.437499999999999,47.599999999999994,-14.0,8.0
0.24338357299984636,400,8.924999999999999,52.0625,-16.0,8.0
0.24633674699998664,400,8.924999999999999,52.0625,-16.0,8.0
0.24856574000023102,400,8.924999999999999,52.0625,-16.0,8.0
0.250667569000143,400,8.924999999999999,52.0625,-16.0,8.0
0.2527682010004355,400,8.924999999999999,52.0625,-16.0,8.0
0.254867323000326,400,8.924999999999999,52.0625,-16.0,8.0
0.25933598300071026,400,8.924999999999999,53.55,-19.0,8.0
0.2614402600001995,400,8.924999999999999,53.55,-19.0,8.0
0.26354146500034403,400,8.924999999999999,56.525,-21.0,8.0
0.2656426690000444,400,8.924999999999999,56.525,-21.0,8.0
0.2685937599999306,400,8.924999999999999,56.525,-21.0,8.0
0.2706975170003716,400,8.924999999999999,56.525,-21.0,8.0
0.27279913800066424,400,8.924999999999999,56.525,-21.0,8.0
0.27489841600072396,400,8.924999999999999,56.525,-21.0,8.0
0.2769987880001281,400,10.4125,56.525,-23.0,8.0
0.2799913810004,400,10.4125,56.525,-23.0,8.0
0.2821706439999616,400,10.4125,56.525,-23.0,8.0
0.28427268199993705,400,10.4125,56.525,-23.0,8.0
0.286373053000716,400,10.4125,56.525,-23.0,8.0
0.2887146279999797,400,10.4125,60.9875,-25.0,8.0
0.29165697100052057,400,10.4125,60.9875,-25.0,8.0
0.29387757899985445,400,10.4125,60.9875,-25.0,8.0
0.2959806070002742,400,11.899999999999999,65.45,-27.0,8.0
0.2980848840006729,400,11.899999999999999,65.45,-27.0,8.0
0.3001847870000347,400,11.899999999999999,65.45,-27.0,8.0
0.30319539700030873,400,11.899999999999999,65.45,-27.0,8.0
0.3061156090006989,400,11.899999999999999,65.45,-27.0,8.0
0.3085537269998895,400,11.899999999999999,65.45,-27.0,8.0
0.31065826500071125,400,11.899999999999999,65.45,-27.0,8.0
0.313715064000462,400,11.899999999999999,65.45,-27.0,8.0
0.31582189300024766,400,13.3875,71.39999999999999,-28.0,8.0
0.31792627400045603,400,13.3875,71.39999999999999,-28.0,8.0
0.32002675000057934,400,13.3875,71.39999999999999,-28.0,8.0
0.3221261320004487,400,13.3875,71.39999999999999,-28.0,8.0
0.3250700369999322,400,13.3875,71.39999999999999,-28.0,8.0
0.32717244000014034,400,13.3875,71.39999999999999,-28.0,8.0
0.32927473800009466,400,13.3875,75.8625,-31.0,8.0
0.3313779740001337,400,13.3875,75.8625,-31.0,8.0
0.3334832919999826,400,13.3875,75.8625,-31.0,8.0
0.3374709520003307,400,14.874999999999998,78.83749999999999,-32.0,8.0
0.3396887480002988,400,14.874999999999998,78.83749999999999,-32.0,8.0
0.34179198400033783,400,14.874999999999998,78.83749999999999,-32.0,8.0
0.34389407400067284,400,14.874999999999998,78.83749999999999,-32.0,8.0
0.3475658060006026,400,14.874999999999998,80.32499999999999,-32.0,8.0
0.34967122900070535,400,14.874999999999998,80.32499999999999,-32.0,8.0
0.351770819000194,400,14.874999999999998,80.32499999999999,-32.0,8.0
0.354219976999957,400,16.3625,83.3,-31.0,8.0
0.35716435100039234,400,16.3625,83.3,-31.0,8.0
0.35938568800065696,400,16.3625,83.3,-31.0,8.0
0.3614876740002728,400,16.3625,83.3,-31.0,8.0
0.3635898160000579,400,16.3625,83.3,-31.0,8.0
0.36568758400062507,400,16.3625,83.3,-31.0,8.0
0.37006251200000406,400,16.3625,81.8125,-26.0,8.0
0.3722737470006905,400,16.3625,81.8125,-26.0,8.0
0.374379587000476,400,17.849999999999998,81.8125,-21.0,8.0
0.37648162500045146,400,17.849999999999998,81.8125,-21.0,8.0
0.3794290710002315,400,17.849999999999998,81.8125,-21.0,8.0
0.38153407700065145,400,17.849999999999998,81.8125,-21.0,8.0
0.38364147799984494,400,17.849999999999998,81.8125,-21.0,8.0
0.3857451300000321,400,17.849999999999998,81.8125,-21.0,8.0
0.3878498240001136,400,17.849999999999998,84.7875,-17.0,8.0
0.3908043520004867,400,17.849999999999998,84.7875,-17.0,8.0
0.3929088889999548,400,19.3375,84.7875,-12.0,8.0
0.3950103030001628,400,19.3375,84.7875,-12.0,8.0
0.39711015300053987,400,19.3375,84.7875,-12.0,8.0
0.3993282620003811,400,19.3375,84.7875,-12.0,8.0
0.4022768539998651,400,19.3375,84.7875,-12.0,8.0
0.4044901719998961,400,19.3375,84.7875,-12.0,8.0
0.40983746300025814,400,20.825,84.7875,-9.0,8.0
0.41279803100042045,400,20.825,84.7875,-9.0,8.0
0.41490251699997316,400,20.825,84.7875,-9.0,8.0
0.41700262799986376,400,20.825,84.7875,-9.0,8.0
0.41910393700072746,400,20.825,83.3,-7.0,8.0
0.4212057660006394,400,20.825,83.3,-7.0,8.0
0.4241539410004407,400,20.825,83.3,-7.0,8.0
0.42625910400056455,400,22.3125,78.83749999999999,-3.0,8.0
0.42836421399988467,400,22.3125,78.83749999999999,-3.0,8.0
0.43046474200036755,400,22.3125,78.83749999999999,-3.0,8.0
0.4325664150001103,400,22.3125,78.83749999999999,-3.0,8.0
0.4355146420002711,400,22.3125,78.83749999999999,-3.0,8.0
0.4379489070006457,400,22.3125,72.88749999999999,2.0,8.0
0.4400493829998595,400,22.3125,72.88749999999999,2.0,8.0
0.442147931999898,400,22.3125,72.88749999999999,2.0,8.0
0.4443999929999336,400,23.799999999999997,69.9125,4.0,8.0
0.4473600400006035,400,23.799999999999997,69.9125,4.0,8.0
0.44962725400000636,400,23.799999999999997,69.9125,4.0,8.0
0.4517338750001727,400,23.799999999999997,69.9125,4.0,8.0
0.4538342460000422,400,23.799999999999997,69.9125,4.0,8.0
0.45604355500017846,400,23.799999999999997,69.9125,4.0,8.0
0.46049523900001077,400,23.799999999999997,66.9375,5.0,8.0
0.46259821400053625,400,23.799999999999997,66.9375,5.0,8.0
0.4647040010004275,400,23.799999999999997,59.49999999999999,6.0,8.0
0.46680624800046644,400,23.799999999999997,59.49999999999999,6.0,8.0
0.46981467100067675,400,23.799999999999997,59.49999999999999,6.0,8.0
0.4719201460002296,400,23.799999999999997,59.49999999999999,6.0,8.0
0.4740218189999723,400,23.799999999999997,59.49999999999999,6.0,8.0
0.47700962199996866,400,25.287499999999998,50.574999999999996,8.0,8.0
0.4800356470004772,400,25.287499999999998,50.574999999999996,8.0,8.0
0.4821407570007068,400,25.287499999999998,50.574999999999996,8.0,8.0
0.48424180500023795,400,25.287499999999998,43.137499999999996,9.0,8.0
0.4863434270000653,400,25.287499999999998,43.137499999999996,9.0,8.0
0.48859455000001617,400,25.287499999999998,43.137499999999996,9.0,8.0
0.4925092029998268,400,25.287499999999998,43.137499999999996,9.0,8.0
0.49461660500037397,400,25.287499999999998,43.137499999999996,9.0,8.0
0.4967204650001804,400,25.287499999999998,37.1875,8.0,8.0
0.4989389910006139,400,25.287499999999998,37.1875,8.0,8.0
0.5019477790001474,400,25.287499999999998,37.1875,8.0,8.0
0.5040522120007154,400,25.287499999999998,31.237499999999997,9.0,8.0
0.5061545630005639,400,25.287499999999998,31.237499999999997,9.0,8.0
0.5094770400000925,400,25.287499999999998,31.237499999999997,9.0,8.0
0.5126272590005101,400,25.287499999999998,31.237499999999997,9.0,8.0
0.5157222280004135,400,26.775,20.825,8.0,8.0
0.5178527500002019,400,26.775,20.825,8.0,8.0
0.5199563500000295,400,26.775,20.825,8.0,8.0
0.5231172439998772,400,26.775,20.825,8.0,8.0
0.5252239170004032,400,26.775,20.825,8.0,8.0
0.5273874009999417,400,26.775,20.825,8.0,8.0
0.5294911569999385,400,26.775,17.849999999999998,5.0,8.0
0.5315948610004853,400,26.775,17.849999999999998,5.0,8.0
0.5353297060000841,400,26.775,10.4125,3.0,8.0
0.537440752999828,400,26.775,10.4125,3.0,8.0
0.5395447690007131,400,26.775,10.4125,3.0,8.0
0.5416495150002447,400,26.775,10.4125,3.0,8.0
0.544610083000407,400,26.775,10.4125,3.0,8.0
0.5467133709998961,400,26.775,10.4125,3.0,8.0
0.5488173359999564,400,26.775,10.4125,1.0,8.0
0.5509192700001222,400,26.775,10.4125,1.0,8.0
0.5530207870006052,400,26.775,10.4125,1.0,8.0
0.5560290020002867,400,26.775,0.0,-4.0,8.0
0.5581366120004532,400,26.775,0.0,-4.0,8.0
0.5602395350006191,400,26.775,0.0,-4.0,8.0
0.5623401670000021,400,26.775,0.0,-4.0,8.0
0.5644421010001679,400,26.775,0.0,-4.0,8.0
0.5674329240000588,400,26.775,0.0,-4.0,8.0
0.569541887000014,400,26.775,0.0,-8.0,8.0
0.5716440300002432,400,26.775,0.0,-8.0,8.0
0.5737446620005358,400,26.775,0.0,-8.0,8.0
0.5758450330004052,400,26.775,0.0,-11.0,8.0
0.578789355000481,400,26.775,0.0,-11.0,8.0
0.5812114340005792,400,26.775,0.0,-11.0,8.0
0.5833148780002375,400,26.775,0.0,-11.0,8.0
0.5854163430003609,400,26.775,0.0,-11.0,8.0
0.5875182250001671,400,26.775,0.0,-11.0,8.0
0.5904631200000949,400,26.775,0.0,-11.0,8.0
0.5927146080002785,400,26.775,0.0,-11.0,8.0
0.594818156000656,400,26.775,0.0,-10.0,8.0
0.5969206099998701,400,26.775,0.0,-10.0,8.0
0.5990215550000357,400,26.775,0.0,-10.0,8.0
0.6021002249999583,400,26.775,0.0,-10.0,8.0
0.6042062719998285,400,26.775,0.0,-10.0,8.0
0.6063089350000155,400,26.775,0.0,-10.0,8.0
0.6105090020000716,400,26.775,0.0,-9.0,8.0
0.6143946500005768,400,26.775,0.0,-9.0,8.0
0.6165004889999182,400,26.775,0.0,-9.0,8.0
0.6186322610001298,400,26.775,0.0,-9.0,8.0
0.6207360690004862,400,26.775,0.0,-9.0,8.0
0.6238255190000928,400,26.775,0.0,-9.0,8.0
0.6260388890004833,400,26.775,0.0,-9.0,8.0
0.6281840440005908,400,26.775,0.0,-10.0,8.0
0.6302883730004396,400,26.775,0.0,-10.0,8.0
0.6323890050007321,400,26.775,0.0,-10.0,8.0
0.6366609320002681,400,26.775,0.0,-10.0,8.0
0.6387660950003919,400,26.775,0.0,-10.0,8.0
0.6408723499998814,400,26.775,0.0,-10.0,8.0
0.6429740240000683,400,26.775,0.0,-10.0,8.0
0.6470043320005061,400,26.775,0.0,-11.0,8.0
0.6491099630002282,400,26.775,0.0,-11.0,8.0
0.6512111669999285,400,26.775,0.0,-11.0,8.0
0.6535983580006359,400,26.775,0.0,-10.0,8.0
0.6565443979998236,400,26.775,0.0,-10.0,8.0
0.6586576320005406,400,26.775,0.0,-10.0,8.0
0.6607639399999243,400,26.775,0.0,-10.0,8.0
0.6628657689998363,400,26.775,0.0,-10.0,8.0
0.6649725980005314,400,26.775,0.0,-10.0,8.0
0.6679240009998466,400,26.775,0.0,-10.0,8.0
0.6700264040000548,400,26.775,0.0,-10.0,8.0
0.672134534000179,400,26.775,0.0,-10.0,8.0
0.6742408939999223,400,26.775,0.0,-11.0,8.0
0.6763434530002996,400,26.775,0.0,-11.0,8.0
0.6793130820005899,400,26.775,0.0,-11.0,8.0
0.6814258990007147,400,26.775,0.0,-11.0,8.0
0.6835293949998231,400,26.775,0.0,-11.0,8.0
0.6856307560001369,400,26.775,0.0,-11.0,8.0
0.6877339920001759,400,26.775,0.0,-11.0,8.0
0.6907051309999588,400,26.775,0.0,-11.0,8.0
0.6928635120002582,400,26.775,0.0,-12.0,8.0
0.6949658630001068,400,26.775,0.0,-12.0,8.0
0.6970652449999761,400,26.775,0.0,-12.0,8.0
0.699373856999955,400,26.775,0.0,-12.0,8.0
0.7023235940005179,400,26.775,0.0,-12.0,8.0
0.7045335800003159,400,26.775,0.0,-12.0,8.0
0.7066366070002914,400,26.775,0.0,-11.0,8.0
0.7095445300001302,400,26.775,0.0,-11.0,8.0
0.712501556999996,400,26.775,0.0,-11.0,8.0
0.714612187000057,400,26.775,0.0,-11.0,8.0
0.7167155790002653,400,26.775,0.0,-11.0,8.0
0.7188180860002831,400,26.775,0.0,-12.0,8.0
0.7209183530003429,400,26.775,0.0,-12.0,8.0
0.7238650700001017,400,26.775,0.0,-12.0,8.0
0.7259682540006906,400,26.775,0.0,-12.0,8.0
0.7280731560003915,400,26.775,0.0,-12.0,8.0
0.7301725900006204,400,26.775,0.0,-12.0,8.0
0.7322739510000247,400,26.775,0.0,-12.0,8.0
0.7352193659999102,400,26.775,0.0,-12.0,8.0
0.7379131640000196,400,26.775,0.0,-12.0,8.0
0.7400159830003759,400,26.775,0.0,-12.0,8.0
0.7421157290000338,400,26.775,0.0,-12.0,8.0
0.7443491479998556,400,26.775,0.0,-12.0,8.0
0.7472986769998897,400,26.775,0.0,-12.0,8.0
0.7495151190005345,400,26.775,0.0,-12.0,8.0
0.7516225730005317,400,26.775,0.0,-12.0,8.0
0.7537228930004858,400,26.775,0.0,-12.0,8.0
0.7558202959999107,400,26.775,0.0,-12.0,8.0
0.7602812490003998,400,26.775,0.0,-12.0,8.0
0.7623838600002273,400,26.775,0.0,-12.0,8.0
0.7644899070000974,400,26.775,0.0,-12.0,8.0
0.7665957460003483,400,26.775,0.0,-12.0,8.0
0.7697643990004508,400,26.775,0.0,-12.0,8.0
0.7718685720001304,400,26.775,0.0,-12.0,8.0
0.7739698810000846,400,26.775,0.0,-12.0,8.0
0.7760694720000174,400,26.775,0.0,-12.0,8.0
0.7781707280000774,400,26.775,0.0,-12.0,8.0
0.7811140090007029,400,26.775,0.0,-12.0,8.0
0.7834329309998793,400,26.775,0.0,-12.0,8.0
0.785545331999856,400,26.775,0.0,-12.0,8.0
0.7876513790006356,400,26.775,0.0,-12.0,8.0
0.7897525320004206,400,26.775,0.0,-12.0,8.0
0.792708935000519,400,26.775,0.0,-12.0,8.0
0.7948146180006006,400,26.775,0.0,-12.0,8.0
0.7969165519998569,400,26.775,0.0,-12.0,8.0
0.7990201000002344,400,26.775,0.0,-12.0,8.0
0.801119638000273,400,26.775,0.0,-12.0,8.0
0.8041789369999606,400,26.775,0.0,-12.0,8.0
0.8062836830004017,400,26.775,0.0,-12.0,8.0
0.8084192559999792,400,26.775,0.0,-12.0,8.0
0.8149626670001453,400,26.775,0.0,-12.0,8.0
0.8197048669999276,400,26.775,0.0,-12.0,8.0
0.8218090400005167,400,26.775,0.0,-12.0,8.0
0.8239114430007248,400,26.775,0.0,-12.0,8.0
0.8260135850005099,400,26.775,0.0,-12.0,8.0
0.8291044920006243,400,26.775,0.0,-12.0,8.0
0.8312082490001558,400,26.775,0.0,-12.0,8.0
0.833308985000258,400,26.775,0.0,-12.0,8.0
0.8357744420000017,400,26.775,0.0,-12.0,8.0
0.8378824159999567,400,26.775,0.0,-12.0,8.0
0.8409406740001941,400,26.775,0.0,-12.0,8.0
0.8430456280002545,400,26.775,0.0,-12.0,8.0
0.8451474570001665,400,26.775,0.0,-12.0,8.0
0.8472634509998898,400,26.775,0.0,-12.0,8.0
0.8493709560007119,400,26.775,0.0,-12.0,8.0
0.8523304310001549,400,26.775,0.0,-12.0,8.0
0.8550550560003103,400,26.775,0.0,-13.0,8.0
0.8571575109999685,400,26.775,0.0,-13.0,8.0
0.8592561640007261,400,26.775,0.0,-13.0,8.0
0.8614127740002004,400,26.775,0.0,-13.0,8.0
0.8643553259998953,400,26.775,0.0,-13.0,8.0
0.8665681749998839,400,26.775,0.0,-13.0,8.0
0.8686703170005785,400,26.775,0.0,-13.0,8.0
0.8707728760000464,400,26.775,0.0,-13.0,8.0
0.8728784550003184,400,26.775,0.0,-13.0,8.0
0.8775319220003439,400,26.775,0.0,-13.0,8.0
0.8797037379999892,400,26.775,0.0,-13.0,8.0
0.8818073910006206,400,26.775,0.0,-13.0,8.0
0.8839072930004477,400,26.775,0.0,-13.0,8.0
0.8874662349999198,400,26.775,0.0,-13.0,8.0
0.8895696790004877,400,26.775,0.0,-13.0,8.0
0.8916688010003782,400,26.775,0.0,-13.0,8.0
0.8941441510005461,400,26.775,0.0,-13.0,8.0
0.8970834219999233,400,26.775,0.0,-13.0,8.0
0.8993134030006331,400,26.775,0.0,-13.0,8.0
0.9014185140003974,400,26.775,0.0,-13.0,8.0
0.903518625000288,400,26.775,0.0,-13.0,8.0
0.9056179030003477,400,26.775,0.0,-13.0,8.0
0.9098244260003412,400,26.775,0.0,-13.0,8.0
0.9134676220000983,400,26.775,0.0,-13.0,8.0
0.9155691390005813,400,26.775,0.0,-13.0,8.0
0.9176734170005147,400,26.775,0.0,-13.0,8.0
0.9206475800001499,400,26.775,0.0,-13.0,8.0
0.9227490990006117,400,26.775,0.0,-13.0,8.0
0.9248708230006741,400,26.775,0.0,-13.0,8.0
0.9269706770000994,400,26.775,0.0,-13.0,8.0
0.9290765700006887,400,26.775,0.0,-13.0,8.0
0.932616560000497,400,26.775,0.0,-13.0,8.0
0.9347232860000076,400,26.775,0.0,-13.0,8.0
0.9368234510002367,400,26.775,0.0,-13.0,8.0
0.9391237340005318,400,26.775,0.0,-13.0,8.0
0.9420746720006719,400,26.775,0.0,-13.0,8.0
0.9442843480001102,400,26.775,0.0,-13.0,8.0
0.9463881580004454,400,26.775,0.0,-13.0,8.0
0.9484941040000194,400,26.775,0.0,-13.0,8.0
0.9505957790006505,400,26.775,0.0,-13.0,8.0
0.9536093610004173,400,26.775,0.0,-13.0,8.0
0.9557154630001605,400,26.775,0.0,-13.0,8.0
0.9578179190002629,400,26.775,0.0,-13.0,8.0
0.9599173550004707,400,26.775,0.0,-13.0,8.0
0.9620190310006365,400,26.775,0.0,-13.0,8.0
0.9649663230002261,400,26.775,0.0,-13.0,8.0
0.9671274669999548,400,26.775,0.0,-13.0,8.0
0.969233671999973,400,26.775,0.0,-13.0,8.0
0.9713943470005688,400,26.775,0.0,-13.0,8.0
0.9734973760005232,400,26.775,0.0,-13.0,8.0
0.9764496679999866,400,26.775,0.0,-13.0,8.0
0.9786238289998437,400,26.775,0.0,-13.0,8.0
0.9807283170002847,400,26.775,0.0,-13.0,8.0
0.9828290030000062,400,26.775,0.0,-13.0,8.0
0.9849283869998544,400,26.775,0.0,-13.0,8.0
0.9879164530002527,400,26.775,0.0,-13.0,8.0
0.9901178489999438,400,26.775,0.0,-13.0,8.0
0.9922215550004694,400,26.775,0.0,-13.0,8.0
0.9943255220005085,400,26.775,0.0,-13.0,8.0
0.9964647420001711,400,26.775,0.0,-13.0,8.0
1.0009525690002192,400,26.775,0.0,-13.0,8.0
1.003056588000618,400,26.775,0.0,-13.0,8.0
1.00515821099998,400,26.775,0.0,-13.0,8.0
1.0072976400006155,400,26.775,0.0,-13.0,8.0
1.010290809000253,400,26.775,0.0,-13.0,8.0
1.017531539000629,400,26.775,0.0,-13.0,8.0
1.020497838000665,400,26.775,0.0,-13.0,8.0
1.0226943910001864,400,26.775,0.0,-13.0,8.0
1.0247979410005428,400,26.775,0.0,-13.0,8.0
1.0269038350006667,400,26.775,0.0,-13.0,8.0
1.029005927000071,400,26.775,0.0,-13.0,8.0
1.032020862000536,400,26.775,0.0,-13.0,8.0
1.0341263390000677,400,26.775,0.0,-13.0,8.0
1.0362276500000007,400,26.775,0.0,-13.0,8.0
1.0383305750001455,400,26.775,0.0,-13.0,8.0
1.0404353750000155,400,26.775,0.0,-13.0,8.0
1.0434189630004767,400,26.775,0.0,-13.0,8.0
1.0455254290000084,400,26.775,0.0,-13.0,8.0
1.0476299689998996,400,26.775,0.0,-13.0,8.0
1.049730030000319,400,26.775,0.0,-13.0,8.0
1.0518300909998288,400,26.775,0.0,-13.0,8.0
1.0547745720004968,400,26.775,0.0,-13.0,8.0
1.0572636719998627,400,26.775,0.0,-13.0,8.0
1.0593690969999443,400,26.775,0.0,-13.0,8.0
1.0614688980003848,400,26.775,0.0,-13.0,8.0
1.0636322800000926,400,26.775,0.0,-13.0,8.0
1.0665868630003388,400,26.775,0.0,-13.0,8.0
1.0687984650003273,400,26.775,0.0,-13.0,8.0
1.0709015980000913,400,26.775,0.0,-13.0,8.0
1.073003274000257,400,26.775,0.0,-13.0,8.0
1.0751100520001273,400,26.775,0.0,-13.0,8.0
1.0794231220006623,400,26.775,0.0,-14.0,8.0
1.0815265669998553,400,26.775,0.0,-14.0,8.0
1.0836336590000428,400,26.775,0.0,-14.0,8.0
1.0857371570000396,400,26.775,0.0,-14.0,8.0
1.0887264720004168,400,26.775,0.0,-14.0,8.0
1.0908333030001813,400,26.775,0.0,-14.0,8.0
1.0929360200007068,400,26.775,0.0,-14.0,8.0
1.0951370510001652,400,26.775,0.0,-14.0,8.0
1.0972476309998456,400,26.775,0.0,-13.0,8.0
1.100193830000535,400,26.775,0.0,-13.0,8.0
1.1026376270001492,400,26.775,0.0,-13.0,8.0
1.1047396150006534,400,26.775,0.0,-13.0,8.0
1.1068402490000153,400,26.775,0.0,-13.0,8.0
1.1089456210002027,400,26.775,0.0,-13.0,8.0
1.111890883000342,400,26.775,0.0,-13.0,8.0
1.1154790410000714,400,26.775,0.0,-14.0,8.0
1.1175863400003436,400,26.775,0.0,-14.0,8.0
1.1196888490003403,400,26.775,0.0,-14.0,8.0
1.122661970000081,400,26.775,0.0,-14.0,8.0
1.124762968000141,400,26.775,0.0,-14.0,8.0
1.1269635310000012,400,26.775,0.0,-14.0,8.0
1.1290711430001465,400,26.775,0.0,-14.0,8.0
1.1311743800006298,400,26.775,0.0,-14.0,8.0
1.134442809000575,400,26.775,0.0,-14.0,8.0
1.1365510450004876,400,26.775,0.0,-14.0,8.0
1.1386554280006749,400,26.775,0.0,-14.0,8.0
1.1407792870004414,400,26.775,0.0,-14.0,8.0
1.1430851940003777,400,26.775,0.0,-14.0,8.0
1.1461662100000467,400,26.775,0.0,-14.0,8.0
1.1482716870004879,400,26.775,0.0,-14.0,8.0
1.150375081000675,400,26.775,0.0,-14.0,8.0
1.1524773290002486,400,26.775,0.0,-14.0,8.0
1.1545786920005412,400,26.775,0.0,-14.0,8.0
1.1575259330002154,400,26.775,0.0,-14.0,8.0
1.1596293789998526,400,26.775,0.0,-14.0,8.0
1.1617303769999126,400,26.775,0.0,-14.0,8.0
1.1638385100004598,400,26.775,0.0,-14.0,8.0
1.1659445599998435,400,26.775,0.0,-14.0,8.0
1.1700534500005233,400,26.775,0.0,-13.0,8.0
1.17215694800052,400,26.775,0.0,-13.0,8.0
1.1742586230002416,400,26.775,0.0,-14.0,8.0
1.176359257000513,400,26.775,0.0,-14.0,8.0
1.1793383150006775,400,26.775,0.0,-14.0,8.0
1.1814425940001456,400,26.775,0.0,-14.0,8.0
1.1835443210002268,400,26.775,0.0,-14.0,8.0
1.1856931749998694,400,26.775,0.0,-14.0,8.0
1.1877978190004796,400,26.775,0.0,-14.0,8.0
1.1907358940006816,400,26.775,0.0,-14.0,8.0
1.1930494560001534,400,26.775,0.0,-14.0,8.0
1.1951559220005947,400,26.775,0.0,-14.0,8.0
1.1972596280002108,400,26.775,0.0,-14.0,8.0
1.1994244690004052,400,26.775,0.0,-14.0,8.0
1.2023643669999728,400,26.775,0.0,-14.0,8.0
1.204583415000343,400,26.775,0.0,-14.0,8.0
1.2066877460001706,400,26.775,0.0,-14.0,8.0
1.2087913490004212,400,26.775,0.0,-14.0,8.0
1.2108915660001003,400,26.775,0.0,-14.0,8.0
1.215334557999995,400,26.775,0.0,-14.0,8.0
1.2227091680006197,400,26.775,0.0,-14.0,8.0
1.2256567210006324,400,26.775,0.0,-14.0,8.0
1.227763292000418,400,26.775,0.0,-14.0,8.0
1.2298663210003724,400,26.775,0.0,-14.0,8.0
1.231967736000115,400,26.775,0.0,-14.0,8.0
1.2340683700003865,400,26.775,0.0,-14.0,8.0
1.2372436390005532,400,26.775,0.0,-14.0,8.0
1.239349793000656,400,26.775,0.0,-14.0,8.0
1.2414539680003145,400,26.775,0.0,-14.0,8.0
1.2435569449999093,400,26.775,0.0,-14.0,8.0
1.2456699730000764,400,26.775,0.0,-14.0,8.0
1.2488069159999213,400,26.775,0.0,-14.0,8.0
1.2509646750004322,400,26.775,0.0,-14.0,8.0
1.2530687970001964,400,26.775,0.0,-14.0,8.0
1.2551730240002144,400,26.775,0.0,-14.0,8.0
1.257602293000673,400,26.775,0.0,-14.0,8.0
1.2606815910003206,400,26.775,0.0,-14.0,8.0
1.2627845160004654,400,26.775,0.0,-14.0,8.0
1.2648885349999546,400,26.775,0.0,-14.0,8.0
1.2669900540004164,400,26.775,0.0,-14.0,8.0
1.269103446000372,400,26.775,0.0,-14.0,8.0
1.2731556280004952,400,26.775,0.0,-14.0,8.0
1.2752692809999644,400,26.775,0.0,-14.0,8.0
1.2774071990006632,400,26.775,0.0,-14.0,8.0
1.2798453200002768,400,26.775,0.0,-14.0,8.0
1.2834288950007249,400,26.775,0.0,-14.0,8.0
1.2855406730004688,400,26.775,0.0,-14.0,8.0
1.2876477119998526,400,26.775,0.0,-14.0,8.0
1.2897508969999762,400,26.775,0.0,-14.0,8.0
1.2918518960004803,400,26.775,0.0,-14.0,8.0
1.2948030940005992,400,26.775,0.0,-14.0,8.0
1.2969094039999618,400,26.775,0.0,-14.0,8.0
1.2990142560001914,400,26.775,0.0,-14.0,8.0
1.3011148380001032,400,26.775,0.0,-14.0,8.0
1.3032161490000362,400,26.775,0.0,-14.0,8.0
1.3061640140003874,400,26.775,0.0,-14.0,8.0
1.3082684500004689,400,26.775,0.0,-14.0,8.0
1.3103712190004444,400,26.775,0.0,-14.0,8.0
1.3124747689998912,400,26.775,0.0,-14.0,8.0
1.31457389300067,400,26.775,0.0,-14.0,8.0
1.3185269270006756,400,26.775,0.0,-14.0,8.0
1.3260441140000694,400,26.775,0.0,-14.0,8.0
1.3289944269999978,400,26.775,0.0,-14.0,8.0
1.3311019350003335,400,26.775,0.0,-14.0,8.0
1.333210849000352,400,26.775,0.0,-14.0,8.0
1.3353160650003701,400,26.775,0.0,-14.0,8.0
1.3374212810003883,400,26.775,0.0,-14.0,8.0
1.3403802910006561,400,26.775,0.0,-14.0,8.0
1.3424851420004416,400,26.775,0.0,-14.0,8.0
1.3445856719999938,400,26.775,0.0,-14.0,8.0
1.346690316000604,400,26.775,0.0,-14.0,8.0
1.3487958969999454,400,26.775,0.0,-14.0,8.0
1.3517450640001698,400,26.775,0.0,-14.0,8.0
1.3545575910002299,400,26.775,0.0,-14.0,8.0
1.3566667650002273,400,26.775,0.0,-14.0,8.0
1.3587686490000124,400,26.775,0.0,-14.0,8.0
1.3608765210001366,400,26.775,0.0,-14.0,8.0
1.3638184500005082,400,26.775,0.0,-14.0,8.0
1.3659200740003143,400,26.775,0.0,-14.0,8.0
1.3680225819998668,400,26.775,0.0,-14.0,8.0
1.3701329539999278,400,26.775,0.0,-14.0,8.0
1.3722451480007294,400,26.775,0.0,-14.0,8.0
1.3752543560003687,400,26.775,0.0,-14.0,8.0
1.3773602490000485,400,26.775,0.0,-14.0,8.0
1.3794609880005737,400,26.775,0.0,-14.0,8.0
1.3815619860006336,400,26.775,0.0,-14.0,8.0
1.3836713680002504,400,26.775,0.0,-14.0,8.0
1.3866217330005384,400,26.775,0.0,-14.0,8.0
1.3887269500000912,400,26.775,0.0,-14.0,8.0
1.390829302000384,400,26.775,0.0,-14.0,8.0
1.3929295200005072,400,26.775,0.0,-14.0,8.0
1.3950370270003987,400,26.775,0.0,-14.0,8.0
1.3979942140003914,400,26.775,0.0,-14.0,8.0
1.4005194530000153,400,26.775,0.0,-14.0,8.0
1.402622586000689,400,26.775,0.0,-14.0,8.0
1.4047225430003891,400,26.775,0.0,-14.0,8.0
1.406823386000724,400,26.775,0.0,-14.0,8.0
1.409917941000458,400,26.775,0.0,-14.0,8.0
1.4120243550005398,400,26.775,0.0,-14.0,8.0
1.4141336860002411,400,26.775,0.0,-14.0,8.0
1.416241402000196,400,26.775,0.0,-14.0,8.0
1.4183473470002355,400,26.775,0.0,-14.0,8.0
1.4213870180001322,400,26.775,0.0,-14.0,8.0
1.4246012379999229,400,26.775,0.0,-14.0,8.0
1.4268526240002757,400,26.775,0.0,-14.0,8.0
1.4290274100003444,400,26.775,0.0,-14.0,8.0
1.4319762129998708,400,26.775,0.0,-14.0,8.0
1.4340808040005868,400,26.775,0.0,-14.0,8.0
1.4361832610002239,400,26.775,0.0,-14.0,8.0
1.438283739000326,400,26.775,0.0,-14.0,8.0
1.440387444999942,400,26.775,0.0,-14.0,8.0
1.443332810999891,400,26.775,0.0,-14.0,8.0
1.4454365689998667,400,26.775,0.0,-14.0,8.0
1.4475404840004558,400,26.775,0.0,-14.0,8.0
1.4496466900000087,400,26.775,0.0,-14.0,8.0
1.4517495110003438,400,26.775,0.0,-14.0,8.0
1.4556238630002554,400,26.775,0.0,-14.0,8.0
1.4577279340001041,400,26.775,0.0,-14.0,8.0
1.4598352849998264,400,26.775,0.0,-14.0,8.0
1.4619407620002676,400,26.775,0.0,-14.0,8.0
1.464891648000048,400,26.775,0.0,-14.0,8.0
1.4669959789998757,400,26.775,0.0,-14.0,8.0
1.4691015080006764,400,26.775,0.0,-14.0,8.0
1.4712054740002714,400,26.775,0.0,-14.0,8.0
1.4733060039998236,400,26.775,0.0,-14.0,8.0
1.4762505890003013,400,26.775,0.0,-14.0,8.0
1.4785953950004114,400,26.775,0.0,-14.0,8.0
1.4806991010000274,400,26.775,0.0,-14.0,8.0
1.4827998390001085,400,26.775,0.0,-14.0,8.0
1.4849547849998999,400,26.775,0.0,-14.0,8.0
1.4878951520004193,400,26.775,0.0,-14.0,8.0
1.4901080039999215,400,26.775,0.0,-14.0,8.0
1.4922116060006374,400,26.775,0.0,-14.0,8.0
1.494317031000719,400,26.775,0.0,-14.0,8.0
1.4964200600006734,400,26.775,0.0,-14.0,8.0
1.501035831000081,400,26.775,0.0,-14.0,8.0
1.5031402670001626,400,26.775,0.0,-14.0,8.0
1.5052401720004127,400,26.775,0.0,-14.0,8.0
1.5073790790002022,400,26.775,0.0,-14.0,8.0
1.510745405000307,400,26.775,0.0,-14.0,8.0
1.51285155900041,400,26.775,0.0,-14.0,8.0
1.5149533909998354,400,26.775,0.0,-14.0,8.0
1.5174281710005744,400,26.775,0.0,-14.0,8.0
1.5203764530006083,400,26.775,0.0,-14.0,8.0
1.522596335000344,400,26.775,0.0,-14.0,8.0
1.5296268450001662,400,26.775,0.0,-14.0,8.0
1.533049149999897,400,26.775,0.0,-14.0,8.0
1.5351530120005918,400,26.775,0.0,-14.0,8.0
1.5372566140003983,400,26.775,0.0,-14.0,8.0
1.5394144250003592,400,26.775,0.0,-14.0,8.0
1.541522662000716,400,26.775,0.0,-14.0,8.0
1.5445727989999796,400,26.775,0.0,-14.0,8.0
1.5466786920005688,400,26.775,0.0,-14.0,8.0
1.548782138000206,400,26.775,0.0,-14.0,8.0
1.5508867300004567,400,26.775,0.0,-14.0,8.0
1.552988457000538,400,26.775,0.0,-14.0,8.0
1.556753352000669,400,26.775,0.0,-14.0,8.0
1.5588610150007298,400,26.775,0.0,-14.0,8.0
1.5609624310000072,400,26.775,0.0,-14.0,8.0
1.5631652840002062,400,26.775,0.0,-14.0,8.0
1.5661088800006837,400,26.775,0.0,-14.0,8.0
1.5683332400003565,400,26.775,0.0,-14.0,8.0
1.5704364769999302,400,26.775,0.0,-14.0,8.0
1.5725377879998632,400,26.775,0.0,-14.0,8.0
1.5746373290003248,400,26.775,0.0,-14.0,8.0
1.578921029000412,400,26.775,0.0,-14.0,8.0
1.581024578999859,400,26.775,0.0,-14.0,8.0
1.5831310450003002,400,26.775,0.0,-14.0,8.0
1.585234543000297,400,26.775,0.0,-14.0,8.0
1.5886492970003019,400,26.775,0.0,-14.0,8.0
1.5907505559998754,400,26.775,0.0,-14.0,8.0
1.5928499920000831,400,26.775,0.0,-14.0,8.0
1.5954910939999536,400,26.775,0.0,-14.0,8.0
1.5984427090006648,400,26.775,0.0,-14.0,8.0
1.6006528530006108,400,26.775,0.0,-14.0,8.0
1.6027555179998672,400,26.775,0.0,-14.0,8.0
1.6048599010000544,400,26.775,0.0,-14.0,8.0
1.606981208000434,400,26.775,0.0,-14.0,8.0
1.6112413710006876,400,26.775,0.0,-14.0,8.0
1.6133451810001134,400,26.775,0.0,-14.0,8.0
1.6154472730004272,400,26.775,0.0,-14.0,8.0
1.6175541040001917,400,26.775,0.0,-14.0,8.0
1.6206100740000693,400,26.775,0.0,-14.0,8.0
1.6227162790000875,400,26.775,0.0,-14.0,8.0
1.6255948870002612,400,26.775,0.0,-14.0,8.0
1.627814509000018,400,26.775,0.0,-14.0,8.0
1.6307702889998836,400,26.775,0.0,-14.0,8.0
1.6329753820000406,400,26.775,0.0,-14.0,8.0
1.6350792970006296,400,26.775,0.0,-14.0,8.0
1.637184305000119,400,26.775,0.0,-14.0,8.0
1.6392845220007075,400,26.775,0.0,-14.0,8.0
1.6422498840001936,400,26.775,0.0,-14.0,8.0
1.644356714999958,400,26.775,0.0,-14.0,8.0
1.6464587549999123,400,26.775,0.0,-14.0,8.0
1.6485671480004385,400,26.775,0.0,-14.0,8.0
1.6506733539999914,400,26.775,0.0,-14.0,8.0
1.6536348620002173,400,26.775,0.0,-14.0,8.0
1.6557676259999425,400,26.775,0.0,-14.0,8.0
1.6578704990006372,400,26.775,0.0,-14.0,8.0
1.6599884730003396,400,26.775,0.0,-14.0,8.0
1.662090253000315,400,26.775,0.0,-14.0,8.0
1.665040670000053,400,26.775,0.0,-14.0,8.0
1.6671428140007265,400,26.775,0.0,-14.0,8.0
1.6692476140005965,400,26.775,0.0,-14.0,8.0
1.6713505389998318,400,26.775,0.0,-14.0,8.0
1.6737578319998647,400,26.775,0.0,-14.0,8.0
1.6767092910004067,400,26.775,0.0,-14.0,8.0
1.678931047000333,400,26.775,0.0,-14.0,8.0
1.681031525000435,400,26.775,0.0,-14.0,8.0
1.6831338250003682,400,26.775,0.0,-14.0,8.0
1.6853506349998497,400,26.775,0.0,-14.0,8.0
1.6897134860000733,400,26.775,0.0,-14.0,8.0
1.6918182340004932,400,26.775,0.0,-14.0,8.0
1.6939195439999821,400,26.775,0.0,-14.0,8.0
1.6960231470002327,400,26.775,0.0,-14.0,8.0
1.698989029000586,400,26.775,0.0,-14.0,8.0
1.701093880999906,400,26.775,0.0,-14.0,8.0
1.7031973789999029,400,26.775,0.0,-14.0,8.0
1.7053167080002822,400,26.775,0.0,-14.0,8.0
1.7074532719998388,400,26.775,0.0,-14.0,8.0
1.7104059800003597,400,26.775,0.0,-14.0,8.0
1.7126194570000735,400,26.775,0.0,-14.0,8.0
1.7147235800002818,400,26.775,0.0,-14.0,8.0
1.7168236930001513,400,26.775,0.0,-14.0,8.0
1.7190387320006266,400,26.775,0.0,-14.0,8.0
1.721994877000725,400,26.775,0.0,-14.0,8.0
1.724197679000099,400,26.775,0.0,-14.0,8.0
1.7297682120006357,400,26.775,0.0,-14.0,8.0
1.7327443020003557,400,26.775,0.0,-14.0,8.0
1.7348506110001836,400,26.775,0.0,-14.0,8.0
1.7369522349999897,400,26.775,0.0,-14.0,8.0
1.7390541190006843,400,26.775,0.0,-14.0,8.0
1.741159023000364,400,26.775,0.0,-14.0,8.0
1.7441357369998514,400,26.775,0.0,-14.0,8.0
1.7462726140001905,400,26.775,0.0,-14.0,8.0
1.7484139690004668,400,26.775,0.0,-14.0,8.0
1.7505345469999156,400,26.775,0.0,-14.0,8.0
1.7526690810000218,400,26.775,0.0,-14.0,8.0
1.7556224139998449,400,26.775,0.0,-14.0,8.0
1.7581253130001642,400,26.775,0.0,-14.0,8.0
1.7602298530000553,400,26.775,0.0,-14.0,8.0
1.7623315280006864,400,26.775,0.0,-14.0,8.0
1.764519697000651,400,26.775,0.0,-14.0,8.0
1.767482977000327,400,26.775,0.0,-14.0,8.0
1.7696865070001877,400,26.775,0.0,-14.0,8.0
1.7717881309999939,400,26.775,0.0,-14.0,8.0
1.773890379000477,400,26.775,0.0,-14.0,8.0
1.7760268910005834,400,26.775,0.0,-14.0,8.0
1.7804619680000542,400,26.775,0.0,-14.0,8.0
1.7825665079999453,400,26.775,0.0,-14.0,8.0
1.7846688079998785,400,26.775,0.0,-14.0,8.0
1.7867729310000868,400,26.775,0.0,-14.0,8.0
1.7901904450000075,400,26.775,0.0,-14.0,8.0
1.7922946720000255,400,26.775,0.0,-14.0,8.0
1.7943954100001065,400,26.775,0.0,-14.0,8.0
1.7969231490005768,400,26.775,0.0,-14.0,8.0
1.7999141310001505,400,26.775,0.0,-14.0,8.0
1.8020719930000269,400,26.775,0.0,-14.0,8.0
1.8041754390005735,400,26.775,0.0,-14.0,8.0
1.8062793019998935,400,26.775,0.0,-14.0,8.0
1.8085395920006704,400,26.775,0.0,-14.0,8.0
1.8125071550002758,400,26.775,0.0,-14.0,8.0
1.8146766820000266,400,26.775,0.0,-14.0,8.0
1.8167826799999602,400,26.775,0.0,-14.0,8.0
1.818895082000381,400,26.775,0.0,-14.0,8.0
1.8218762229998902,400,26.775,0.0,-14.0,8.0
1.8240137239999967,400,26.775,0.0,-14.0,8.0
1.8261173790006069,400,26.775,0.0,-14.0,8.0
1.829065713000091,400,26.775,0.0,-14.0,8.0
1.8320225870002105,400,26.775,0.0,-14.0,8.0
1.8342255970001133,400,26.775,0.0,-14.0,8.0
1.8363282620002792,400,26.775,0.0,-14.0,8.0
1.8384347280007205,400,26.775,0.0,-14.0,8.0
1.840535725999871,400,26.775,0.0,-14.0,8.0
1.8435692520006342,400,26.775,0.0,-14.0,8.0
1.8456757710000602,400,26.775,0.0,-14.0,8.0
1.8478132200007167,400,26.775,0.0,-14.0,8.0
1.8499150520001422,400,26.775,0.0,-14.0,8.0
1.8520202680001603,400,26.775,0.0,-14.0,8.0
1.8557606360000136,400,26.775,0.0,-14.0,8.0
1.857870071000434,400,26.775,0.0,-14.0,8.0
1.8599752870004522,400,26.775,0.0,-14.0,8.0
1.8620818050003436,400,26.775,0.0,-14.0,8.0
1.8650370650002515,400,26.775,0.0,-14.0,8.0
1.8671411360001002,400,26.775,0.0,-14.0,8.0
1.8692449469999701,400,26.775,0.0,-14.0,8.0
1.8713471950004532,400,26.775,0.0,-14.0,8.0
1.8734465790003014,400,26.775,0.0,-14.0,8.0
1.877926959999968,400,26.775,0.0,-14.0,8.0
1.8800313430001552,400,26.775,0.0,-14.0,8.0
1.8821343720001096,400,26.775,0.0,-14.0,8.0
1.8842360480002753,400,26.775,0.0,-14.0,8.0
1.8877375040001425,400,26.775,0.0,-14.0,8.0
1.889842354999928,400,26.775,0.0,-14.0,8.0
1.8919435100006012,400,26.775,0.0,-14.0,8.0
1.894474998000078,400,26.775,0.0,-14.0,8.0
1.8974201560004076,400,26.775,0.0,-14.0,8.0
1.899638214999868,400,26.775,0.0,-14.0,8.0
1.9017421819999072,400,26.775,0.0,-14.0,8.0
1.903843701000369,400,26.775,0.0,-14.0,8.0
1.9059607380004309,400,26.775,0.0,-14.0,8.0
1.9102924489998259,400,26.775,0.0,-14.0,8.0
1.9123973010000554,400,26.775,0.0,-14.0,8.0
1.9144989249998616,400,26.775,0.0,-14.0,8.0
1.9166049740006201,400,26.775,0.0,-14.0,8.0
1.9195992920003846,400,26.775,0.0,-14.0,8.0
1.921740753999984,400,26.775,0.0,-14.0,8.0
1.9238450870007,400,26.775,0.0,-14.0,8.0
1.9259685320002973,400,26.775,0.0,-14.0,8.0
1.9281074939999598,400,26.775,0.0,-14.0,8.0
1.9321130230000563,400,26.775,0.0,-14.0,8.0
1.93421693900018,400,26.775,0.0,-14.0,8.0
1.9363196580006843,400,26.775,0.0,-14.0,8.0
1.9384200849999615,400,26.775,0.0,-14.0,8.0
1.941442002000258,400,26.775,0.0,-14.0,8.0
1.9435446170000432,400,26.775,0.0,-14.0,8.0
1.9456452009999339,400,26.775,0.0,-14.0,8.0
1.9477479719998883,400,26.775,0.0,-14.0,8.0
1.9498526180004774,400,26.775,0.0,-14.0,8.0
1.9528339170001345,400,26.775,0.0,-14.0,8.0
1.9549375209999198,400,26.775,0.0,-14.0,8.0
1.957040813000276,400,26.775,0.0,-14.0,8.0
1.9591424910004207,400,26.775,0.0,-14.0,8.0
1.961243179000121,400,26.775,0.0,-14.0,8.0
1.9641933900002186,400,26.775,0.0,-14.0,8.0
1.9662953800007017,400,26.775,0.0,-14.0,8.0
1.9684381430006397,400,26.775,0.0,-14.0,8.0
1.9705423730001712,400,26.775,0.0,-14.0,8.0
1.9726426960005483,400,26.775,0.0,-14.0,8.0
1.9756419089999326,400,26.775,0.0,-14.0,8.0
1.977748168999824,400,26.775,0.0,-14.0,8.0
1.979848492000201,400,26.775,0.0,-14.0,8.0
1.981950742000663,400,26.775,0.0,-14.0,8.0
1.9840546590003214,400,26.775,0.0,-14.0,8.0
1.9869997149999108,400,26.775,0.0,-14.0,8.0
1.9891421140000602,400,26.775,0.0,-14.0,8.0
1.9912443640005222,400,26.775,0.0,-14.0,8.0
1.9934593530006168,400,26.775,0.0,-14.0,8.0
1.9955674880002334,400,26.775,0.0,-14.0,8.0
1.9985129090000555,400,26.775,0.0,-14.0,8.0
2.0009922220006047,400,26.775,0.0,-14.0,8.0
2.0030940550004743,400,26.775,0.0,-14.0,8.0
2.005194379000386,400,26.775,0.0,-14.0,8.0
2.007462274000318,400,26.775,0.0,-14.0,8.0
2.0104100900007325,400,26.775,0.0,-14.0,8.0
2.012511507000454,400,26.775,0.0,-14.0,8.0
2.014616830000705,400,26.775,0.0,-14.0,8.0
2.0167179870004475,400,26.775,0.0,-14.0,8.0
2.018823309000254,400,26.775,0.0,-14.0,8.0
2.0217945590002273,400,26.775,0.0,-14.0,8.0
2.023896080000668,400,26.775,0.0,-14.0,8.0
2.026001298000665,400,26.775,0.0,-14.0,8.0
2.0281057880001754,400,26.775,0.0,-14.0,8.0
2.0302076739999393,400,26.775,0.0,-14.0,8.0
2.0374684590005927,400,26.775,0.0,-14.0,8.0
2.039572063000378,400,26.775,0.0,-14.0,8.0
2.0416721780002263,400,26.775,0.0,-14.0,8.0
2.044641084000432,400,26.775,0.0,-16.0,8.0
2.0467433869998786,400,26.775,0.0,-16.0,8.0
2.0488781310004924,400,26.775,0.0,-16.0,8.0
2.0509850670005108,400,26.775,0.0,-16.0,8.0
2.0530867970001054,400,26.775,0.0,-16.0,8.0
2.0562399899999946,400,26.775,0.0,-16.0,8.0
2.058349478999844,400,26.775,0.0,-16.0,8.0
2.0604534470003273,400,26.775,0.0,-16.0,8.0
2.062551115000133,400,26.775,0.0,-16.0,8.0
2.06465909400049,400,26.775,0.0,-14.0,8.0
2.067608471999847,400,26.775,0.0,-14.0,8.0
2.0697162420001405,400,26.775,0.0,-14.0,8.0
2.071818701000666,400,26.775,0.0,-14.0,8.0
2.0739187640001546,400,26.775,0.0,-14.0,8.0
2.076316218000102,400,26.775,0.0,-14.0,8.0
2.0792639300007068,400,26.775,0.0,-14.0,8.0
2.0813397270003406,400,26.775,0.0,-14.0,8.0
2.083446820000063,400,26.775,0.0,-14.0,8.0
2.085549539000567,400,26.775,0.0,-14.0,8.0
2.0876835019998907,400,26.775,0.0,-14.0,8.0
2.090648971000519,400,26.775,0.0,-14.0,8.0
2.0927518980006425,400,26.775,0.0,-14.0,8.0
2.094931321000331,400,26.775,0.0,-14.0,8.0
2.0970378410002013,400,26.775,0.0,-14.0,8.0
2.0991395710007055,400,26.775,0.0,-14.0,8.0
2.10208759499983,400,26.775,0.0,-14.0,8.0
2.1041950530006943,400,26.775,0.0,-14.0,8.0
2.106297199000437,400,26.775,0.0,-14.0,8.0
2.108476516999872,400,26.775,0.0,-14.0,8.0
2.1105829340003766,400,26.775,0.0,-14.0,8.0
2.1135248130003674,400,26.775,0.0,-14.0,8.0
2.116124468000635,400,26.775,0.0,-14.0,8.0
2.1182322900003783,400,26.775,0.0,-14.0,8.0
2.120339279000291,400,26.775,0.0,-14.0,8.0
2.122532293000404,400,26.775,0.0,-14.0,8.0
2.125479119999909,400,26.775,0.0,-14.0,8.0
2.1275950650006052,400,26.775,0.0,-14.0,8.0
2.1297003360004965,400,26.775,0.0,-14.0,8.0
2.13180232600007,400,26.775,0.0,-14.0,8.0
2.138076791000458,400,26.775,0.0,-14.0,8.0
2.141024139000365,400,26.775,0.0,-14.0,8.0
2.143145968000681,400,26.775,0.0,-14.0,8.0
2.1452535819998957,400,26.775,0.0,-14.0,8.0
2.147390357000404,400,26.775,0.0,-14.0,8.0
2.1494983350003167,400,26.775,0.0,-14.0,8.0
2.153552292000313,400,26.775,0.0,-14.0,8.0
2.1556545419998656,400,26.775,0.0,-14.0,8.0
2.157760177000455,400,26.775,0.0,-14.0,8.0
2.1598632610002824,400,26.775,0.0,-14.0,8.0
2.1628050369999983,400,26.775,0.0,-14.0,8.0
2.164912025999911,400,26.775,0.0,-14.0,8.0
2.1670145360003517,400,26.775,0.0,-14.0,8.0
2.169117568000729,400,26.775,0.0,-14.0,8.0
2.171223203000409,400,26.775,0.0,-14.0,8.0
2.1741647700000613,400,26.775,0.0,-14.0,8.0
2.1768736740004897,400,26.775,0.0,-14.0,8.0
2.1789794650003387,400,26.775,0.0,-14.0,8.0
2.181081247000293,400,26.775,0.0,-14.0,8.0
2.1832829570003014,400,26.775,0.0,-16.0,8.0
2.1862285860006523,400,26.775,0.0,-16.0,8.0
2.188313755999843,400,26.775,0.0,-16.0,8.0
2.190419756000665,400,26.775,0.0,-16.0,8.0
2.1925210170002174,400,26.775,0.0,-16.0,8.0
2.1946210800006156,400,26.775,0.0,-16.0,8.0
2.1993431890005013,400,26.775,0.0,-16.0,8.0
2.20144700200035,400,26.775,0.0,-16.0,8.0
2.20355263700003,400,26.775,0.0,-14.0,8.0
2.2056574910002382,400,26.775,0.0,-14.0,8.0
2.208601818000716,400,26.775,0.0,-14.0,8.0
2.210709328000121,400,26.775,0.0,-14.0,8.0
2.212811005000731,400,26.775,0.0,-14.0,8.0
2.2151311300003727,400,26.775,0.0,-14.0,8.0
2.217241452000053,400,26.775,0.0,-14.0,8.0
2.2201918710006794,400,26.775,0.0,-14.0,8.0
2.2223000580006556,400,26.775,0.0,-14.0,8.0
2.2244030370002292,400,26.775,0.0,-14.0,8.0
2.2265024240005005,400,26.775,0.0,-14.0,8.0
2.2286087880002015,400,26.775,0.0,-14.0,8.0
2.2315554580000025,400,26.775,0.0,-14.0,8.0
2.2336548970006334,400,26.775,0.0,-14.0,8.0
2.24001002300065,400,26.775,0.0,-14.0,8.0
2.242962006000198,400,26.775,0.0,-14.0,8.0
2.2450630580005964,400,26.775,0.0,-14.0,8.0
2.2471707240001706,400,26.775,0.0,-14.0,8.0
2.2492739640001673,400,26.775,0.0,-14.0,8.0
2.251327890000539,400,26.775,0.0,-14.0,8.0
2.25427346700053,400,26.775,0.0,-14.0,8.0
2.2563768110003366,400,26.775,0.0,-14.0,8.0
2.2584785400003966,400,26.775,0.0,-14.0,8.0
2.260582978000457,400,26.775,0.0,-14.0,8.0
2.2626858009998614,400,26.775,0.0,-14.0,8.0
2.2656470520005314,400,26.775,0.0,-14.0,8.0
2.267757581999831,400,26.775,0.0,-14.0,8.0
2.269861134000166,400,26.775,0.0,-14.0,8.0
2.2719607290000567,400,26.775,0.0,-14.0,8.0
2.274062094000328,400,26.775,0.0,-14.0,8.0
2.2770139190006375,400,26.775,0.0,-14.0,8.0
2.279313319000721,400,26.775,0.0,-14.0,8.0
2.2814168190006967,400,26.775,0.0,-14.0,8.0
2.2835181320006086,400,26.775,0.0,-14.0,8.0
2.2856181950000973,400,26.775,0.0,-14.0,8.0
2.288599234000685,400,26.775,0.0,-14.0,8.0
2.2907981850003125,400,26.775,0.0,-14.0,8.0
2.2929018929999074,400,26.775,0.0,-14.0,8.0
2.2950083610003276,400,26.775,0.0,-14.0,8.0
2.29711055900043,400,26.775,0.0,-14.0,8.0
2.3015832890005186,400,26.775,0.0,-14.0,8.0
2.3036868420003884,400,26.775,0.0,-14.0,8.0
2.3057879980005964,400,26.775,0.0,-14.0,8.0
2.3078909260002547,400,26.775,0.0,-14.0,8.0
2.310833274000288,400,26.775,0.0,-14.0,8.0
2.3129373470001156,400,26.775,0.0,-14.0,8.0
2.3150394929998583,400,26.775,0.0,-14.0,8.0
2.3180316230000244,400,26.775,0.0,-14.0,8.0
2.3209725659999094,400,26.775,0.0,-14.0,8.0
2.323076847000266,400,26.775,0.0,-14.0,8.0
2.3251786810005797,400,26.775,0.0,-16.0,8.0
2.327319048999925,400,26.775,0.0,-16.0,8.0
2.3294214030001967,400,26.775,0.0,-16.0,8.0
2.33243243600009,400,26.775,0.0,-16.0,8.0
2.3345365089999177,400,26.775,0.0,-16.0,8.0
2.3381601840001167,400,26.775,0.0,-16.0,8.0
2.3402653510001983,400,26.775,0.0,-16.0,8.0
2.343268364999858,400,26.775,0.0,-16.0,8.0
2.345375666000109,400,26.775,0.0,-14.0,8.0
2.347481769999831,400,26.775,0.0,-14.0,8.0
2.3495837079999546,400,26.775,0.0,-14.0,8.0
2.3516904880007132,400,26.775,0.0,-14.0,8.0
2.354710581999825,400,26.775,0.0,-14.0,8.0
2.3577497350006524,400,26.775,0.0,-16.0,8.0
2.3598548489999303,400,26.775,0.0,-16.0,8.0
2.3619533500004763,400,26.775,0.0,-16.0,8.0
2.3648950220003826,400,26.775,0.0,-14.0,8.0
2.366999615000168,400,26.775,0.0,-14.0,8.0
2.369100355000228,400,26.775,0.0,-14.0,8.0
2.371203751000394,400,26.775,0.0,-14.0,8.0
2.3733108970000103,400,26.775,0.0,-14.0,8.0
2.3770193990003463,400,26.775,0.0,-14.0,8.0
2.379128731000492,400,26.775,0.0,-14.0,8.0
2.3812307210000654,400,26.775,0.0,-14.0,8.0
2.3834211319999667,400,26.775,0.0,-14.0,8.0
2.386356085999978,400,26.775,0.0,-14.0,8.0
2.3885597230000712,400,26.775,0.0,-14.0,8.0
2.390661973000533,400,26.775,0.0,-14.0,8.0
2.3927604220007197,400,26.775,0.0,-14.0,8.0
2.394863453000653,400,26.775,0.0,-14.0,8.0
2.399225736000517,400,26.775,0.0,-14.0,8.0
2.401330745999985,400,26.775,0.0,-14.0,8.0
2.4034313299998757,400,26.775,0.0,-16.0,8.0
2.4055335800003377,400,26.775,0.0,-16.0,8.0
2.4084751999998844,400,26.775,0.0,-16.0,8.0
2.4105794810002408,400,26.775,0.0,-16.0,8.0
2.4126800650001314,400,26.775,0.0,-16.0,8.0
2.415626943999996,400,26.775,0.0,-14.0,8.0
2.418564917999902,400,26.775,0.0,-14.0,8.0
2.420669615999941,400,26.775,0.0,-14.0,8.0
2.422769939000318,400,26.775,0.0,-14.0,8.0
2.424870784000632,400,26.775,0.0,-14.0,8.0
2.4270245340003385,400,26.775,0.0,-14.0,8.0
2.431098486999872,400,26.775,0.0,-14.0,8.0
2.4332019869998476,400,26.775,0.0,-14.0,8.0
2.435303664999992,400,26.775,0.0,-14.0,8.0
2.438264760000493,400,26.775,0.0,-14.0,8.0
2.4412337700005082,400,26.775,0.0,-14.0,8.0
2.4433414360000825,400,26.775,0.0,-14.0,8.0
2.4454455599998255,400,26.775,0.0,-14.0,8.0
2.447837493999941,400,26.775,0.0,-14.0,8.0
2.449940578000678,400,26.775,0.0,-14.0,8.0
2.452995665000344,400,26.775,0.0,-14.0,8.0
2.4551017690000663,400,26.775,0.0,-14.0,8.0
2.4572049040007187,400,26.775,0.0,-14.0,8.0
2.4593762560007235,400,26.775,0.0,-14.0,8.0
2.461476944000424,400,26.775,0.0,-14.0,8.0
2.464421792000394,400,26.775,0.0,-14.0,8.0
2.4665250839998407,400,26.775,0.0,-14.0,8.0
2.4686292610003875,400,26.775,0.0,-16.0,8.0
2.470731770999919,400,26.775,0.0,-16.0,8.0
2.4728309490001266,400,26.775,0.0,-16.0,8.0
2.4766836429998875,400,26.775,0.0,-14.0,8.0
2.478788653000265,400,26.775,0.0,-14.0,8.0
2.480889653000304,400,26.775,0.0,-14.0,8.0
2.4829915910004274,400,26.775,0.0,-14.0,8.0
2.4859309720004603,400,26.775,0.0,-14.0,8.0
2.4880379080004786,400,26.775,0.0,-14.0,8.0
2.490138076000221,400,26.775,0.0,-14.0,8.0
2.492238243000429,400,26.775,0.0,-14.0,8.0
2.4943378380003196,400,26.775,0.0,-16.0,8.0
2.497345642000255,400,26.775,0.0,-16.0,8.0
2.4995854180006063,400,26.775,0.0,-16.0,8.0
2.501690480000434,400,26.775,0.0,-16.0,8.0
2.503790387000663,400,26.775,0.0,-16.0,8.0
2.5058908150003845,400,26.775,0.0,-16.0,8.0
2.508870083000147,400,26.775,0.0,-16.0,8.0
2.511073929000304,400,26.775,0.0,-16.0,8.0
2.5131784180002796,400,26.775,0.0,-16.0,8.0
2.5152800960004242,400,26.775,0.0,-16.0,8.0
2.5173825540005055,400,26.775,0.0,-16.0,8.0
2.5203842139999324,400,26.775,0.0,-16.0,8.0
2.522489068000141,400,26.775,0.0,-16.0,8.0
2.524590850000095,400,26.775,0.0,-16.0,8.0
2.5266914860003453,400,26.775,0.0,-14.0,8.0
2.528827791999902,400,26.775,0.0,-14.0,8.0
2.531786438999916,400,26.775,0.0,-14.0,8.0
2.533891241000674,400,26.775,0.0,-16.0,8.0
2.5359928670004592,400,26.775,0.0,-16.0,8.0
2.5390741990004244,400,26.775,0.0,-16.0,8.0
2.5421601130001363,400,26.775,0.0,-16.0,8.0
2.5442650190007043,400,26.775,0.0,-16.0,8.0
2.5463668530001087,400,26.775,0.0,-16.0,8.0
2.5484896719999597,400,26.775,0.0,-16.0,8.0
2.5505929119999564,400,26.775,0.0,-16.0,8.0
2.5546169260005627,400,26.775,0.0,-16.0,8.0
2.5567209990003903,400,26.775,0.0,-16.0,8.0
2.5588225730007252,400,26.775,0.0,-16.0,8.0
2.5609310200006803,400,26.775,0.0,-16.0,8.0
2.5638772740003333,400,26.775,0.0,-16.0,8.0
2.5659821280005417,400,26.775,0.0,-16.0,8.0
2.5680869289999464,400,26.775,0.0,-16.0,8.0
2.5701886590004506,400,26.775,0.0,-16.0,8.0
2.5722979390002365,400,26.775,0.0,-16.0,8.0
2.5752507020006306,400,26.775,0.0,-16.0,8.0
2.577782504999959,400,26.775,0.0,-16.0,8.0
2.579885172000104,400,26.775,0.0,-16.0,8.0
2.5819857040005445,400,26.775,0.0,-16.0,8.0
2.5840856630002236,400,26.775,0.0,-14.0,8.0
2.5870339480006805,400,26.775,0.0,-14.0,8.0
2.589139270000487,400,26.775,0.0,-14.0,8.0
2.5912407920004625,400,26.775,0.0,-14.0,8.0
2.593340490000628,400,26.775,0.0,-14.0,8.0
2.5954459170006885,400,26.775,0.0,-14.0,8.0
2.5999280720006936,400,26.775,0.0,-14.0,8.0
2.6020320930001617,400,26.775,0.0,-14.0,8.0
2.604133042000285,400,26.775,0.0,-14.0,8.0
2.606236125000578,400,26.775,0.0,-14.0,8.0
2.609174828000505,400,26.775,0.0,-14.0,8.0
2.6112798909998673,400,26.775,0.0,-14.0,8.0
2.613381099000435,400,26.775,0.0,-14.0,8.0
2.616325269999834,400,26.775,0.0,-16.0,8.0
2.6192675669999517,400,26.775,0.0,-16.0,8.0
2.6213709110006675,400,26.775,0.0,-16.0,8.0
2.623471182000685,400,26.775,0.0,-16.0,8.0
2.6255740050000895,400,26.775,0.0,-16.0,8.0
2.627675943000213,400,26.775,0.0,-16.0,8.0
2.6306828100005077,400,26.775,0.0,-16.0,8.0
2.632788081000399,400,26.775,0.0,-16.0,8.0
2.6348919980000574,400,26.775,0.0,-16.0,8.0
2.636993779000477,400,26.775,0.0,-16.0,8.0
2.639981015000558,400,26.775,0.0,-16.0,8.0
2.6431050470000628,400,26.775,0.0,-16.0,8.0
2.6452121920001446,400,26.775,0.0,-16.0,8.0
2.647390782000002,400,26.775,0.0,-16.0,8.0
2.64949485499983,400,26.775,0.0,-16.0,8.0
2.6515994480005247,400,26.775,0.0,-16.0,8.0
2.6545716350001385,400,26.775,0.0,-16.0,8.0
2.6566774259999875,400,26.775,0.0,-14.0,8.0
2.658813107000242,400,26.775,0.0,-14.0,8.0
2.6609520170004544,400,26.775,0.0,-14.0,8.0
2.6630582770003457,400,26.775,0.0,-14.0,8.0
2.66611268700035,400,26.775,0.0,-14.0,8.0
2.668219728000622,400,26.775,0.0,-16.0,8.0
2.6703250509999634,400,26.775,0.0,-16.0,8.0
2.672427510000489,400,26.775,0.0,-16.0,8.0
2.6747304500004248,400,26.775,0.0,-16.0,8.0
2.6777855370000907,400,26.775,0.0,-16.0,8.0
2.679889402000299,400,26.775,0.0,-16.0,8.0
2.6819949850005287,400,26.775,0.0,-16.0,8.0
2.684099683000568,400,26.775,0.0,-16.0,8.0
2.686204641000586,400,26.775,0.0,-16.0,8.0
2.69049245899987,400,26.775,0.0,-16.0,8.0
2.692596479000713,400,26.775,0.0,-16.0,8.0
2.694701594000435,400,26.775,0.0,-16.0,8.0
2.696805771000072,400,26.775,0.0,-16.0,8.0
2.6998634090005,400,26.775,0.0,-16.0,8.0
2.7019709710002644,400,26.775,0.0,-16.0,8.0
2.7040732210007263,400,26.775,0.0,-16.0,8.0
2.7062719630002903,400,26.775,0.0,-16.0,8.0
2.7083795770004144,400,26.775,0.0,-16.0,8.0
2.71133207999992,400,26.775,0.0,-16.0,8.0
2.71413846500036,400,26.775,0.0,-16.0,8.0
2.7162427980001667,400,26.775,0.0,-16.0,8.0
2.7183444760003113,400,26.775,0.0,-16.0,8.0
2.7205301479998525,400,26.775,0.0,-16.0,8.0
2.7234773390000555,400,26.775,0.0,-16.0,8.0
2.7255866189998414,400,26.775,0.0,-16.0,8.0
2.727695691000008,400,26.775,0.0,-16.0,8.0
2.7297982019999836,400,26.775,0.0,-16.0,8.0
2.731905815000573,400,26.775,0.0,-16.0,8.0
2.7348570160002055,400,26.775,0.0,-14.0,8.0
2.7369585900005404,400,26.775,0.0,-14.0,8.0
2.739060580000114,400,26.775,0.0,-14.0,8.0
2.7422979749999286,400,26.775,0.0,-14.0,8.0
2.7452526650004074,400,26.775,0.0,-14.0,8.0
2.747357571000066,400,26.775,0.0,-14.0,8.0
2.7494582590006758,400,26.775,0.0,-14.0,8.0
2.751558947000376,400,26.775,0.0,-14.0,8.0
2.753800649999903,400,26.775,0.0,-14.0,8.0
2.7567419050001263,400,26.775,0.0,-14.0,8.0
2.7589133080000465,400,26.775,0.0,-14.0,8.0
2.761022641000636,400,26.775,0.0,-14.0,8.0
2.763133847000063,400,26.775,0.0,-14.0,8.0
2.7652392740001233,400,26.775,0.0,-14.0,8.0
2.768256869000652,400,26.775,0.0,-14.0,8.0
2.7703638050006703,400,26.775,0.0,-14.0,8.0
2.772464442000455,400,26.775,0.0,-14.0,8.0
2.7745653380006843,400,26.775,0.0,-16.0,8.0
2.7766668590002155,400,26.775,0.0,-16.0,8.0
2.7797016900003655,400,26.775,0.0,-16.0,8.0
2.7818127930004266,400,26.775,0.0,-16.0,8.0
2.783919520999916,400,26.775,0.0,-16.0,8.0
2.7860327070002313,400,26.775,0.0,-16.0,8.0
2.78813745700063,400,26.775,0.0,-14.0,8.0
2.7910998010002004,400,26.775,0.0,-14.0,8.0
2.793408262000412,400,26.775,0.0,-14.0,8.0
2.7955140009999013,400,26.775,0.0,-14.0,8.0
2.797617917000025,400,26.775,0.0,-14.0,8.0
2.7997188660001484,400,26.775,0.0,-14.0,8.0
2.8026770450005642,400,26.775,0.0,-14.0,8.0
2.804779764000159,400,26.775,0.0,-14.0,8.0
2.8068814409998595,400,26.775,0.0,-14.0,8.0
2.8089894190006817,400,26.775,0.0,-14.0,8.0
2.8110890660000223,400,26.775,0.0,-14.0,8.0
2.814101922000191,400,26.775,0.0,-14.0,8.0
2.8162079210005686,400,26.775,0.0,-14.0,8.0
2.8183105360003537,400,26.775,0.0,-14.0,8.0
2.8204163790005623,400,26.775,0.0,-14.0,8.0
2.8225230560001364,400,26.775,0.0,-14.0,8.0
2.825497950000681,400,26.775,0.0,-14.0,8.0
2.827638370000386,400,26.775,0.0,-16.0,8.0
2.829743172000235,400,26.775,0.0,-16.0,8.0
2.831871147000129,400,26.775,0.0,-16.0,8.0
2.834006359000341,400,26.775,0.0,-16.0,8.0
2.836960685000122,400,26.775,0.0,-16.0,8.0
2.8392762789999324,400,26.775,0.0,-16.0,8.0
2.843628928000726,400,26.775,0.0,-16.0,8.0
2.8457324280007015,400,26.775,0.0,-16.0,8.0
2.8486925340002927,400,26.775,0.0,-16.0,8.0
2.8508019179998882,400,26.775,0.0,-16.0,8.0
2.853142195000146,400,26.775,0.0,-16.0,8.0
2.8552544960002706,400,26.775,0.0,-16.0,8.0
2.8573603909999292,400,26.775,0.0,-16.0,8.0
2.861689555000339,400,26.775,0.0,-16.0,8.0
2.8637938880001457,400,26.775,0.0,-16.0,8.0
2.865895304999867,400,26.775,0.0,-16.0,8.0
2.868003128000055,400,26.775,0.0,-16.0,8.0
2.8709761990003244,400,26.775,0.0,-16.0,8.0
2.873113339000156,400,26.775,0.0,-16.0,8.0
2.875216735000322,400,26.775,0.0,-16.0,8.0
2.8781992840004023,400,26.775,0.0,-16.0,8.0
2.88114954699995,400,26.775,0.0,-16.0,8.0
2.88336625500051,400,26.775,0.0,-16.0,8.0
2.8854692860004434,400,26.775,0.0,-16.0,8.0
2.8875711199998477,400,26.775,0.0,-16.0,8.0
2.8897734550000678,400,26.775,0.0,-16.0,8.0
2.8937538840000343,400,26.775,0.0,-16.0,8.0
2.8958603520004544,400,26.775,0.0,-16.0,8.0
2.8979623940003876,400,26.775,0.0,-16.0,8.0
2.900064332000511,400,26.775,0.0,-16.0,8.0
2.903001525000036,400,26.775,0.0,-16.0,8.0
2.9051037240005826,400,26.775,0.0,-16.0,8.0
2.9072047240006214,400,26.775,0.0,-16.0,8.0
2.9095857230004185,400,26.775,0.0,-16.0,8.0
2.9116888580001614,400,26.775,0.0,-16.0,8.0
2.914632248000089,400,26.775,0.0,-16.0,8.0
2.9168402590003097,400,26.775,0.0,-16.0,8.0
2.9189474040003915,400,26.775,0.0,-16.0,8.0
2.9210487720001765,400,26.775,0.0,-16.0,8.0
2.9233398950000264,400,26.775,0.0,-16.0,8.0
2.9262805799999114,400,26.775,0.0,-16.0,8.0
2.928506715000367,400,26.775,0.0,-16.0,8.0
2.930609748000279,400,26.775,0.0,-16.0,8.0
2.9327112710006986,400,26.775,0.0,-16.0,8.0
2.9348142530006953,400,26.775,0.0,-16.0,8.0
2.939081662000717,400,26.775,0.0,-16.0,8.0
2.9411861530006718,400,26.775,0.0,-16.0,8.0
2.946512630000143,400,26.775,0.0,-16.0,8.0
2.9496180750002168,400,26.775,0.0,-16.0,8.0
2.9517226190000656,400,26.775,0.0,-16.0,8.0
2.9538260170002104,400,26.775,0.0,-16.0,8.0
2.9559292060002917,400,26.775,0.0,-14.0,8.0
2.9580316150004364,400,26.775,0.0,-14.0,8.0
2.9609856820006826,400,26.775,0.0,-14.0,8.0
2.963092673000574,400,26.775,0.0,-14.0,8.0
2.965195290000338,400,26.775,0.0,-14.0,8.0
2.967299001000356,400,26.775,0.0,-14.0,8.0
2.969401774000289,400,26.775,0.0,-14.0,8.0
2.972356258000218,400,26.775,0.0,-14.0,8.0
2.975143118000233,400,26.775,0.0,-14.0,8.0
2.9772475059999124,400,26.775,0.0,-14.0,8.0
2.979348247999951,400,26.775,0.0,-14.0,8.0
2.9814501880000535,400,26.775,0.0,-14.0,8.0
2.9843979020006373,400,26.775,0.0,-14.0,8.0
2.9865009880004436,400,26.775,0.0,-14.0,8.0
2.988604801999827,400,26.775,0.0,-14.0,8.0
2.990705440000056,400,26.775,0.0,-14.0,8.0
2.992804256000454,400,26.775,0.0,-14.0,8.0
2.9972980800002915,400,26.775,0.0,-14.0,8.0
2.999402936000479,400,26.775,0.0,-14.0,8.0
3.001504876000581,400,26.775,0.0,-14.0,8.0
3.0036052010000276,400,26.775,0.0,-14.0,8.0
3.007091823000337,400,26.775,0.0,-16.0,8.0
3.0092005840006095,400,26.775,0.0,-16.0,8.0
3.011302524000712,400,26.775,0.0,-16.0,8.0
3.013646864999828,400,26.775,0.0,-14.0,8.0
3.0165912480006227,400,26.775,0.0,-14.0,8.0
3.0188089460007177,400,26.775,0.0,-14.0,8.0
3.020913021000524,400,26.775,0.0,-14.0,8.0
3.0230177210005422,400,26.775,0.0,-14.0,8.0
3.0251210670003275,400,26.775,0.0,-14.0,8.0
3.0291830989999653,400,26.775,0.0,-14.0,8.0
3.031291183000576,400,26.775,0.0,-14.0,8.0
3.0333937479999804,400,26.775,0.0,-16.0,8.0
3.035496417000104,400,26.775,0.0,-16.0,8.0
3.0384359039999254,400,26.775,0.0,-16.0,8.0
3.0405405520004933,400,26.775,0.0,-16.0,8.0
3.0426415020001514,400,26.775,0.0,-16.0,8.0
3.0482483940004386,400,26.775,0.0,-16.0,8.0
3.0512930690001667,400,26.775,0.0,-16.0,8.0
3.053399279000587,400,26.775,0.0,-16.0,8.0
3.0555015830004777,400,26.775,0.0,-16.0,8.0
3.057605658000284,400,26.775,0.0,-16.0,8.0
3.0597133259998373,400,26.775,0.0,-16.0,8.0
3.062661874000696,400,26.775,0.0,-16.0,8.0
3.0652052390005338,400,26.775,0.0,-16.0,8.0
3.067450485000336,400,26.775,0.0,-16.0,8.0
3.0695524769998883,400,26.775,0.0,-16.0,8.0
3.0716565000002447,400,26.775,0.0,-16.0,8.0
3.0746080160006386,400,26.775,0.0,-16.0,8.0
3.076720475000002,400,26.775,0.0,-16.0,8.0
3.0788243930001045,400,26.775,0.0,-14.0,8.0
3.0809251880000375,400,26.775,0.0,-14.0,8.0
3.0830241590001606,400,26.775,0.0,-14.0,8.0
3.0860355600007097,400,26.775,0.0,-14.0,8.0
3.0881433320000724,400,26.775,0.0,-14.0,8.0
3.0902438140001323,400,26.775,0.0,-14.0,8.0
3.092344139000488,400,26.775,0.0,-14.0,8.0
3.094444932999977,400,26.775,0.0,-14.0,8.0
3.0982283210005335,400,26.775,0.0,-14.0,8.0
3.1003340620000017,400,26.775,0.0,-14.0,8.0
3.1024338670004,400,26.775,0.0,-14.0,8.0
3.104535078000481,400,26.775,0.0,-14.0,8.0
3.107475763000366,400,26.775,0.0,-14.0,8.0
3.109580879000532,400,26.775,0.0,-14.0,8.0
3.1116820900006132,400,26.775,0.0,-14.0,8.0
3.1137854360003985,400,26.775,0.0,-14.0,8.0
3.115887427999951,400,26.775,0.0,-14.0,8.0
3.1202716369998598,400,26.775,0.0,-14.0,8.0
3.122375660000216,400,26.775,0.0,-14.0,8.0
3.1244787460000225,400,26.775,0.0,-14.0,8.0
3.1265833410006962,400,26.775,0.0,-14.0,8.0
3.130033043000367,400,26.775,0.0,-14.0,8.0
3.132137326000702,400,26.775,0.0,-14.0,8.0
3.1342390580002757,400,26.775,0.0,-14.0,8.0
3.1366148510005587,400,26.775,0.0,-14.0,8.0
3.1395886549998977,400,26.775,0.0,-14.0,8.0
3.1417890650000118,400,26.775,0.0,-14.0,8.0
3.1438926710006854,400,26.775,0.0,-16.0,8.0
3.1471660530005465,400,26.775,0.0,-16.0,8.0
3.150169745999847,400,26.775,0.0,-16.0,8.0
3.1522759039999073,400,26.775,0.0,-16.0,8.0
3.154495634000341,400,26.775,0.0,-16.0,8.0
3.156598928000676,400,26.775,0.0,-16.0,8.0
3.1587030030004826,400,26.775,0.0,-16.0,8.0
3.161682534000647,400,26.775,0.0,-16.0,8.0
3.1637864530002844,400,26.775,0.0,-16.0,8.0
3.165888444999837,400,26.775,0.0,-16.0,8.0
3.1680450100002417,400,26.775,0.0,-16.0,8.0
3.1701470540001537,400,26.775,0.0,-16.0,8.0
3.1730897690003985,400,26.775,0.0,-16.0,8.0
3.175260394000361,400,26.775,0.0,-16.0,8.0
3.1773644690001674,400,26.775,0.0,-16.0,8.0
3.1794648459999735,400,26.775,0.0,-16.0,8.0
3.181565380000393,400,26.775,0.0,-16.0,8.0
3.1845047630004046,400,26.775,0.0,-16.0,8.0
3.186607432000528,400,26.775,0.0,-16.0,8.0
3.188711143000546,400,26.775,0.0,-16.0,8.0
3.1908130820002043,400,26.775,0.0,-16.0,8.0
3.1929119500000525,400,26.775,0.0,-16.0,8.0
3.197313760000725,400,26.775,0.0,-14.0,8.0
3.1994170540001505,400,26.775,0.0,-14.0,8.0
3.2015188380000836,400,26.775,0.0,-14.0,8.0
3.2036195800001224,400,26.775,0.0,-14.0,8.0
3.206560577000346,400,26.775,0.0,-14.0,8.0
3.2086674640004276,400,26.775,0.0,-16.0,8.0
3.210769560000699,400,26.775,0.0,-16.0,8.0
3.212871188000463,400,26.775,0.0,-16.0,8.0
3.2149746900004175,400,26.775,0.0,-16.0,8.0
3.217911209000704,400,26.775,0.0,-16.0,8.0
3.220016637000299,400,26.775,0.0,-16.0,8.0
3.2221210249999785,400,26.775,0.0,-16.0,8.0
3.2242242660004194,400,26.775,0.0,-16.0,8.0
3.2263258419998238,400,26.775,0.0,-14.0,8.0
3.229270327999984,400,26.775,0.0,-14.0,8.0
3.2314932340004816,400,26.775,0.0,-14.0,8.0
3.233595487000457,400,26.775,0.0,-14.0,8.0
3.23569461399984,400,26.775,0.0,-14.0,8.0
3.23779499200009,400,26.775,0.0,-14.0,8.0
3.24075015300059,400,26.775,0.0,-14.0,8.0
3.242853864000608,400,26.775,0.0,-14.0,8.0
3.2450525040003413,400,26.775,0.0,-14.0,8.0
3.248690971000542,400,26.775,0.0,-14.0,8.0
3.251638947000174,400,26.775,0.0,-14.0,8.0
3.2543620169999485,400,26.775,0.0,-16.0,8.0
3.2564648420002413,400,26.775,0.0,-16.0,8.0
3.2585673550001957,400,26.775,0.0,-16.0,8.0
3.260769380000056,400,26.775,0.0,-16.0,8.0
3.2637119390001317,400,26.775,0.0,-16.0,8.0
3.265934116000608,400,26.775,0.0,-16.0,8.0
3.2680367850007315,400,26.775,0.0,-16.0,8.0
3.2701388810000935,400,26.775,0.0,-16.0,8.0
3.27223806100028,400,26.775,0.0,-16.0,8.0
3.276587121000375,400,26.775,0.0,-14.0,8.0
3.2786923419998857,400,26.775,0.0,-14.0,8.0
3.2807974060006018,400,26.775,0.0,-14.0,8.0
3.282900752000387,400,26.775,0.0,-14.0,8.0
3.2864244500005952,400,26.775,0.0,-16.0,8.0
3.2885611230003633,400,26.775,0.0,-16.0,8.0
3.2906616560003386,400,26.775,0.0,-16.0,8.0
3.2931096239999533,400,26.775,0.0,-14.0,8.0
3.2960556200005158,400,26.775,0.0,-14.0,8.0
3.298168183000598,400,26.775,0.0,-14.0,8.0
3.300274287999855,400,26.775,0.0,-14.0,8.0
3.302377998999873,400,26.775,0.0,-14.0,8.0
3.304485042000124,400,26.775,0.0,-14.0,8.0
3.3074675420002677,400,26.775,0.0,-14.0,8.0
3.3095704190000106,400,26.775,0.0,-14.0,8.0
3.311680066000008,400,26.775,0.0,-14.0,8.0
3.313785285999984,400,26.775,0.0,-16.0,8.0
3.315888580000319,400,26.775,0.0,-16.0,8.0
3.31884358500065,400,26.775,0.0,-16.0,8.0
3.3212305220004055,400,26.775,0.0,-16.0,8.0
3.3233341280001696,400,26.775,0.0,-16.0,8.0
3.325697580000451,400,26.775,0.0,-16.0,8.0
3.327804207000554,400,26.775,0.0,-16.0,8.0
3.3307543170003555,400,26.775,0.0,-16.0,8.0
3.332862037000268,400,26.775,0.0,-16.0,8.0
3.334965435000413,400,26.775,0.0,-16.0,8.0
3.3370646150005996,400,26.775,0.0,-16.0,8.0
3.339169001999835,400,26.775,0.0,-16.0,8.0
3.3421164050005245,400,26.775,0.0,-16.0,8.0
3.3442185009998866,400,26.775,0.0,-16.0,8.0
3.3463260640000954,400,26.775,0.0,-16.0,8.0
3.349234412000442,400,26.775,0.0,-16.0,8.0
3.352203997000288,400,26.775,0.0,-16.0,8.0
3.3543060410002,400,26.775,0.0,-16.0,8.0
3.356406003000302,400,26.775,0.0,-16.0,8.0
3.358510181999918,400,26.775,0.0,-16.0,8.0
3.360621130000254,400,26.775,0.0,-16.0,8.0
3.3636111800005892,400,26.775,0.0,-16.0,8.0
3.3657475930003784,400,26.775,0.0,-14.0,8.0
3.36785557300027,400,26.775,0.0,-14.0,8.0
3.3699560029999702,400,26.775,0.0,-14.0,8.0
3.3720640350002213,400,26.775,0.0,-14.0,8.0
3.3750277890003417,400,26.775,0.0,-14.0,8.0
3.377911870000389,400,26.775,0.0,-16.0,8.0
3.380013758000132,400,26.775,0.0,-16.0,8.0
3.3821134059999167,400,26.775,0.0,-16.0,8.0
3.3850974160004625,400,26.775,0.0,-16.0,8.0
3.3872032620001846,400,26.775,0.0,-16.0,8.0
3.389381801000127,400,26.775,0.0,-16.0,8.0
3.3914834810002503,400,26.775,0.0,-16.0,8.0
3.3935866709998663,400,26.775,0.0,-16.0,8.0
3.3965629220001574,400,26.775,0.0,-16.0,8.0
3.3986702769998374,400,26.775,0.0,-16.0,8.0
3.4007741440000245,400,26.775,0.0,-16.0,8.0
3.402889623000192,400,26.775,0.0,-16.0,8.0
3.404991301999871,400,26.775,0.0,-16.0,8.0
3.4079512540001815,400,26.775,0.0,-16.0,8.0
3.410055016000115,400,26.775,0.0,-16.0,8.0
3.4121584660006192,400,26.775,0.0,-16.0,8.0
3.414262021000468,400,26.775,0.0,-16.0,8.0
3.4165885530001106,400,26.775,0.0,-16.0,8.0
3.419578134999938,400,26.775,0.0,-16.0,8.0
3.4217424580001534,400,26.775,0.0,-16.0,8.0
3.4238473140003407,400,26.775,0.0,-14.0,8.0
3.425951649000126,400,26.775,0.0,-14.0,8.0
3.4280696280002303,400,26.775,0.0,-14.0,8.0
3.4310866519999763,400,26.775,0.0,-14.0,8.0
3.4331912480001847,400,26.775,0.0,-14.0,8.0
3.43529068800035,400,26.775,0.0,-14.0,8.0
3.4374335060001613,400,26.775,0.0,-14.0,8.0
3.4395370080001157,400,26.775,0.0,-14.0,8.0
3.4432379630006835,400,26.775,0.0,-14.0,8.0
3.4453432360005536,400,26.775,0.0,-14.0,8.0
3.4474778260000676,400,26.775,0.0,-14.0,8.0
3.4545551629998954,400,26.775,0.0,-14.0,8.0
3.4590444570003456,400,26.775,0.0,-14.0,8.0
3.461153375000322,400,26.775,0.0,-14.0,8.0
3.4632573980006782,400,26.775,0.0,-16.0,8.0
3.465362253999956,400,26.775,0.0,-16.0,8.0
3.4683488670007137,400,26.775,0.0,-16.0,8.0
3.4704861130003337,400,26.775,0.0,-16.0,8.0
3.4725897710004574,400,26.775,0.0,-16.0,8.0
3.475564304000727,400,26.775,0.0,-16.0,8.0
3.478503322000506,400,26.775,0.0,-16.0,8.0
3.4807665850003104,400,26.775,0.0,-16.0,8.0
3.4828704520004976,400,26.775,0.0,-16.0,8.0
3.4849729640000078,400,26.775,0.0,-16.0,8.0
3.4870724050006174,400,26.775,0.0,-16.0,8.0
3.4911650040003224,400,26.775,0.0,-16.0,8.0
3.493267360000573,400,26.775,0.0,-16.0,8.0
3.495365655000569,400,26.775,0.0,-16.0,8.0
3.497467699000481,400,26.775,0.0,-16.0,8.0
3.500410935000218,400,26.775,0.0,-16.0,8.0
3.502515219000088,400,26.775,0.0,-16.0,8.0
3.504615595999894,400,26.775,0.0,-16.0,8.0
3.5067149840006095,400,26.775,0.0,-16.0,8.0
3.5088233289998243,400,26.775,0.0,-16.0,8.0
3.5117806779999228,400,26.775,0.0,-16.0,8.0
3.5144021530004466,400,26.775,0.0,-14.0,8.0
3.5165052910006125,400,26.775,0.0,-14.0,8.0
3.5186073350005245,400,26.775,0.0,-14.0,8.0
3.5208141500006604,400,26.775,0.0,-14.0,8.0
3.5237550430001647,400,26.775,0.0,-14.0,8.0
3.5259760750004716,400,26.775,0.0,-14.0,8.0
3.528081243000088,400,26.775,0.0,-14.0,8.0
3.530183599999873,400,26.775,0.0,-14.0,8.0
3.5322828839998692,400,26.775,0.0,-14.0,8.0
3.5366334020000068,400,26.775,0.0,-16.0,8.0
3.5387370600001304,400,26.775,0.0,-16.0,8.0
3.5408433220000006,400,26.775,0.0,-16.0,8.0
3.542945939000674,400,26.775,0.0,-16.0,8.0
3.5465546730001734,400,26.775,0.0,-16.0,8.0
3.5486584870004663,400,26.775,0.0,-16.0,8.0
3.5518015810002908,400,26.775,0.0,-16.0,8.0
3.553909248999844,400,26.775,0.0,-16.0,8.0
3.5568542040000466,400,26.775,0.0,-16.0,8.0
3.5589972819998366,400,26.775,0.0,-16.0,8.0
3.5611040650001087,400,26.775,0.0,-16.0,8.0
3.563206786000592,400,26.775,0.0,-16.0,8.0
3.565356320000319,400,26.775,0.0,-16.0,8.0
3.5689462039999853,400,26.775,0.0,-14.0,8.0
3.5710492369998974,400,26.775,0.0,-14.0,8.0
3.5731546140004866,400,26.775,0.0,-14.0,8.0
3.575257595000039,400,26.775,0.0,-14.0,8.0
3.5773845300000175,400,26.775,0.0,-14.0,8.0
3.5803735910003525,400,26.775,0.0,-14.0,8.0
3.5824775620003493,400,26.775,0.0,-14.0,8.0
3.584680210999977,400,26.775,0.0,-14.0,8.0
3.586786525000207,400,26.775,0.0,-14.0,8.0
3.588924135000525,400,26.775,0.0,-14.0,8.0
3.5918881490006243,400,26.775,0.0,-14.0,8.0
3.5939922240004307,400,26.775,0.0,-14.0,8.0
3.596094997000364,400,26.775,0.0,-14.0,8.0
3.5989165900000444,400,26.775,0.0,-14.0,8.0
3.6010199359998296,400,26.775,0.0,-14.0,8.0
3.6040774220000458,400,26.775,0.0,-14.0,8.0
3.6061831630004235,400,26.775,0.0,-14.0,8.0
3.6082878630004416,400,26.775,0.0,-14.0,8.0
3.610484159000407,400,26.775,0.0,-14.0,8.0
3.6125874529998327,400,26.775,0.0,-14.0,8.0
3.6155326680000144,400,26.775,0.0,-14.0,8.0
3.618299272000513,400,26.775,0.0,-14.0,8.0
3.620403659000658,400,26.775,0.0,-14.0,8.0
3.6225046620002104,400,26.775,0.0,-14.0,8.0
3.624669611000172,400,26.775,0.0,-14.0,8.0
3.627615242000502,400,26.775,0.0,-14.0,8.0
3.629835804999857,400,26.775,0.0,-14.0,8.0
3.6319394640004248,400,26.775,0.0,-14.0,8.0
3.634040986999935,400,26.775,0.0,-14.0,8.0
3.636141625000164,400,26.775,0.0,-14.0,8.0
3.6405397380003706,400,26.775,0.0,-14.0,8.0
3.642641418000494,400,26.775,0.0,-14.0,8.0
3.6447409100001096,400,26.775,0.0,-14.0,8.0
3.646841131000656,400,26.775,0.0,-14.0,8.0
3.6504361180004707,400,26.775,0.0,-14.0,8.0
3.6533150960003695,400,26.775,0.0,-14.0,8.0
3.6554178690003027,400,26.775,0.0,-14.0,8.0
3.657526630000575,400,26.775,0.0,-14.0,8.0
3.660479084000144,400,26.775,0.0,-14.0,8.0
3.662597635000566,400,26.775,0.0,-14.0,8.0
3.6647056150004573,400,26.775,0.0,-16.0,8.0
3.6668113570003698,400,26.775,0.0,-16.0,8.0
3.6689114219998373,400,26.775,0.0,-16.0,8.0
3.6726714280002852,400,26.775,0.0,-16.0,8.0
3.674772275000578,400,26.775,0.0,-16.0,8.0
3.676871714999834,400,26.775,0.0,-16.0,8.0
3.6789724569998725,400,26.775,0.0,-16.0,8.0
3.6819132460004766,400,26.775,0.0,-16.0,8.0
3.684017842000685,400,26.775,0.0,-16.0,8.0
3.686125041000196,400,26.775,0.0,-16.0,8.0
3.6882296889998543,400,26.775,0.0,-16.0,8.0
3.6903320970004643,400,26.775,0.0,-16.0,8.0
3.6932834050003294,400,26.775,0.0,-16.0,8.0
3.6959352920002857,400,26.775,0.0,-16.0,8.0
3.6980392100003883,400,26.775,0.0,-16.0,8.0
3.700140109000131,400,26.775,0.0,-16.0,8.0
3.7023020370006634,400,26.775,0.0,-16.0,8.0
3.705243919000168,400,26.775,0.0,-16.0,8.0
3.7074694290004118,400,26.775,0.0,-16.0,8.0
3.7095744940006625,400,26.775,0.0,-16.0,8.0
3.7116748710004686,400,26.775,0.0,-16.0,8.0
3.713775301000169,400,26.775,0.0,-16.0,8.0
3.7180919190004715,400,26.775,0.0,-16.0,8.0
3.7201959419999184,400,26.775,0.0,-16.0,8.0
3.722301527000127,400,26.775,0.0,-16.0,8.0
3.7244047690001025,400,26.775,0.0,-16.0,8.0
3.7273714900002233,400,26.775,0.0,-16.0,8.0
3.7294806690006226,400,26.775,0.0,-14.0,8.0
3.7315835460003655,400,26.775,0.0,-14.0,8.0
3.733683975000531,400,26.775,0.0,-14.0,8.0
3.7357854990004853,400,26.775,0.0,-14.0,8.0
3.7387704980001217,400,26.775,0.0,-14.0,8.0
3.7408731670002453,400,26.775,0.0,-14.0,8.0
3.7429734920006013,400,26.775,0.0,-14.0,8.0
3.7450726200004283,400,26.775,0.0,-14.0,8.0
3.7473287490001894,400,26.775,0.0,-14.0,8.0
3.7502729230000114,400,26.775,0.0,-14.0,8.0
3.75249072600036,400,26.775,0.0,-14.0,8.0
3.760406236000563,400,26.775,0.0,-14.0,8.0
3.7633610850007244,400,26.775,0.0,-14.0,8.0
3.765579617000185,400,26.775,0.0,-14.0,8.0
3.76768874300069,400,26.775,0.0,-14.0,8.0
3.769793755000137,400,26.775,0.0,-14.0,8.0
3.7718946020004296,400,26.775,0.0,-14.0,8.0
3.7764612239998314,400,26.775,0.0,-14.0,8.0
3.7785667050002303,400,26.775,0.0,-14.0,8.0
3.7806679160003114,400,26.775,0.0,-14.0,8.0
3.7827683460000117,400,26.775,0.0,-14.0,8.0
3.7862138820000837,400,26.775,0.0,-14.0,8.0
3.7883555010002965,400,26.775,0.0,-14.0,8.0
3.7904568160001872,400,26.775,0.0,-14.0,8.0
3.7929425890006314,400,26.775,0.0,-14.0,8.0
3.79588551300003,400,26.775,0.0,-14.0,8.0
3.797990733000006,400,26.775,0.0,-14.0,8.0
3.8000914230005947,400,26.775,0.0,-14.0,8.0
3.802192842000295,400,26.775,0.0,-14.0,8.0
3.804291918000672,400,26.775,0.0,-14.0,8.0
3.807334198000717,400,26.775,0.0,-14.0,8.0
3.809440304000418,400,26.775,0.0,-14.0,8.0
3.811640558000363,400,26.775,0.0,-14.0,8.0
3.813743175000127,400,26.775,0.0,-14.0,8.0
3.815845167000589,400,26.775,0.0,-14.0,8.0
3.8187897050001993,400,26.775,0.0,-14.0,8.0
3.820893936000175,400,26.775,0.0,-14.0,8.0
3.822993636999854,400,26.775,0.0,-14.0,8.0
3.8251403080003,400,26.775,0.0,-14.0,8.0
3.827279845000703,400,26.775,0.0,-16.0,8.0
3.8302401609998924,400,26.775,0.0,-16.0,8.0
3.832343767000566,400,26.775,0.0,-14.0,8.0
3.8344470090005416,400,26.775,0.0,-14.0,8.0
3.8365480640004535,400,26.775,0.0,-14.0,8.0
3.8386513570003444,400,26.775,0.0,-14.0,8.0
3.841591729999891,400,26.775,0.0,-14.0,8.0
3.8436952319998454,400,26.775,0.0,-14.0,8.0
3.8457954530003917,400,26.775,0.0,-16.0,8.0
3.8479322299999694,400,26.775,0.0,-16.0,8.0
3.8500320350003676,400,26.775,0.0,-16.0,8.0
3.8530595259999245,400,26.775,0.0,-14.0,8.0
3.856302341000628,400,26.775,0.0,-14.0,8.0
3.858819097000378,400,26.775,0.0,-14.0,8.0
3.8611692180002137,400,26.775,0.0,-14.0,8.0
3.864119953000227,400,26.775,0.0,-14.0,8.0
3.866224549000435,400,26.775,0.0,-14.0,8.0
3.868327166000199,400,26.775,0.0,-14.0,8.0
3.870427075000407,400,26.775,0.0,-14.0,8.0
3.872526879000361,400,26.775,0.0,-14.0,8.0
3.87547547900067,400,26.775,0.0,-14.0,8.0
3.8780875299999025,400,26.775,0.0,-14.0,8.0
3.8801885840002797,400,26.775,0.0,-14.0,8.0
3.8822871390002547,400,26.775,0.0,-14.0,8.0
3.884440736000215,400,26.775,0.0,-14.0,8.0
3.887533892000647,400,26.775,0.0,-14.0,8.0
3.8896357789999456,400,26.775,0.0,-14.0,8.0
3.8917366780005977,400,26.775,0.0,-14.0,8.0
3.8938352330005728,400,26.775,0.0,-14.0,8.0
3.895933267000146,400,26.775,0.0,-14.0,8.0
3.900842584000202,400,26.775,0.0,-14.0,8.0
3.902944576000664,400,26.775,0.0,-14.0,8.0
3.9050443290007024,400,26.775,0.0,-14.0,8.0
3.9071442900003603,400,26.775,0.0,-14.0,8.0
3.9106281000003946,400,26.775,0.0,-14.0,8.0
3.912731080999947,400,26.775,0.0,-14.0,8.0
3.9148291150004297,400,26.775,0.0,-14.0,8.0
3.9173101490005138,400,26.775,0.0,-14.0,8.0
3.920243651000419,400,26.775,0.0,-14.0,8.0
3.9223994900003163,400,26.775,0.0,-14.0,8.0
3.924500234000334,400,26.775,0.0,-14.0,8.0
3.926600406000034,400,26.775,0.0,-14.0,8.0
3.9288127440004246,400,26.775,0.0,-14.0,8.0
3.9327300149998337,400,26.775,0.0,-14.0,8.0
3.9348304989998724,400,26.775,0.0,-14.0,8.0
3.936930358000609,400,26.775,0.0,-14.0,8.0
3.9391392060006183,400,26.775,0.0,-14.0,8.0
3.942084216000694,400,26.775,0.0,-14.0,8.0
3.94418824100012,400,26.775,0.0,-14.0,8.0
3.9462903390003703,400,26.775,0.0,-14.0,8.0
3.9483919160002188,400,26.775,0.0,-14.0,8.0
3.9504933890002576,400,26.775,0.0,-14.0,8.0
3.953435430999889,400,26.775,0.0,-14.0,8.0
3.9583546459998615,400,26.775,0.0,-14.0,8.0
3.9605268870000145,400,26.775,0.0,-14.0,8.0
3.9635004850006226,400,26.775,0.0,-14.0,8.0
3.965606385000683,400,26.775,0.0,-14.0,8.0
3.967709733000447,400,26.775,0.0,-14.0,8.0
3.9698094350005704,400,26.775,0.0,-14.0,8.0
3.9719164280004406,400,26.775,0.0,-14.0,8.0
3.975604838000436,400,26.775,0.0,-14.0,8.0
3.977711831000306,400,26.775,0.0,-14.0,8.0
3.979811742000493,400,26.775,0.0,-14.0,8.0
3.981912328999897,400,26.775,0.0,-14.0,8.0
3.9840131260007183,400,26.775,0.0,-14.0,8.0
3.9869603229999484,400,26.775,0.0,-14.0,8.0
3.9890661180006646,400,26.775,0.0,-14.0,8.0
3.9911684759999844,400,26.775,0.0,-14.0,8.0
3.993268335000721,400,26.775,0.0,-14.0,8.0
3.9953687670004,400,26.775,0.0,-14.0,8.0
3.99831695300054,400,26.775,0.0,-14.0,8.0
4.000420717999987,400,26.775,0.0,-14.0,8.0
4.0025221910000255,400,26.775,0.0,-14.0,8.0
4.004623038999853,400,26.775,0.0,-14.0,8.0
4.006722221000018,400,26.775,0.0,-14.0,8.0
4.010499259000426,400,26.775,0.0,-14.0,8.0
4.0126027109999995,400,26.775,0.0,-14.0,8.0
4.014706840000144,400,26.775,0.0,-14.0,8.0
4.016810344000078,400,26.775,0.0,-14.0,8.0
4.019792691000475,400,26.775,0.0,-14.0,8.0
4.021897080000599,400,26.775,0.0,-14.0,8.0
4.024086922000606,400,26.775,0.0,-14.0,8.0
4.0262389059998895,400,26.775,0.0,-14.0,8.0
4.028343503000542,400,26.775,0.0,-14.0,8.0
4.031291065000005,400,26.775,0.0,-14.0,8.0
4.033573493000404,400,26.775,0.0,-16.0,8.0
4.035676215999956,400,26.775,0.0,-16.0,8.0
4.037778314000207,400,26.775,0.0,-16.0,8.0
4.039879110000584,400,26.775,0.0,-16.0,8.0
4.0428234430000884,400,26.775,0.0,-16.0,8.0
4.045023127000604,400,26.775,0.0,-16.0,8.0
4.047126579000178,400,26.775,0.0,-16.0,8.0
4.049263462000454,400,26.775,0.0,-16.0,8.0
4.051470643999892,400,26.775,0.0,-16.0,8.0
4.0558017950006615,400,26.775,0.0,-16.0,8.0
4.058973428000172,400,26.775,0.0,-16.0,8.0
4.061078338000698,400,26.775,0.0,-16.0,8.0
4.06318017600006,400,26.775,0.0,-16.0,8.0
4.066430335000405,400,26.775,0.0,-14.0,8.0
4.068539462999979,400,26.775,0.0,-14.0,8.0
4.070639635000589,400,26.775,0.0,-14.0,8.0
4.072741108000628,400,26.775,0.0,-14.0,8.0
4.074843987000349,400,26.775,0.0,-14.0,8.0
4.077789413000573,400,26.775,0.0,-14.0,8.0
4.07989323000038,400,26.775,0.0,-14.0,8.0
4.081994703000419,400,26.775,0.0,-14.0,8.0
4.084094406000077,400,26.775,0.0,-14.0,8.0
4.086195410000073,400,26.775,0.0,-14.0,8.0
4.089140628000678,400,26.775,0.0,-14.0,8.0
4.0912443410006745,400,26.775,0.0,-14.0,8.0
4.093346439000015,400,26.775,0.0,-14.0,8.0
4.095446037000329,400,26.775,0.0,-14.0,8.0
4.098029501999918,400,26.775,0.0,-14.0,8.0
4.100967117000437,400,26.775,0.0,-14.0,8.0
4.103190182000617,400,26.775,0.0,-14.0,8.0
4.1052973830001065,400,26.775,0.0,-14.0,8.0
4.107400939000399,400,26.775,0.0,-14.0,8.0
4.1096008310005345,400,26.775,0.0,-14.0,8.0
4.113570593000077,400,26.775,0.0,-14.0,8.0
4.1156728989999465,400,26.775,0.0,-14.0,8.0
4.117775466000239,400,26.775,0.0,-14.0,8.0
4.119877668000299,400,26.775,0.0,-14.0,8.0
4.122819137000079,400,26.775,0.0,-14.0,8.0
4.124924359000033,400,26.775,0.0,-14.0,8.0
4.127025832000072,400,26.775,0.0,-14.0,8.0
4.129127566000534,400,26.775,0.0,-14.0,8.0
4.131229456000256,400,26.775,0.0,-14.0,8.0
4.134175246000268,400,26.775,0.0,-14.0,8.0
4.136616186000538,400,26.775,0.0,-14.0,8.0
4.138720055000704,400,26.775,0.0,-14.0,8.0
4.140819653000108,400,26.775,0.0,-14.0,8.0
4.143085938000695,400,26.775,0.0,-14.0,8.0
4.14602907400058,400,26.775,0.0,-14.0,8.0
4.148252919000697,400,26.775,0.0,-14.0,8.0
4.150356215000102,400,26.775,0.0,-14.0,8.0
4.152458313000352,400,26.775,0.0,-14.0,8.0
4.154560046999904,400,26.775,0.0,-14.0,8.0
4.158941136000067,400,26.775,0.0,-14.0,8.0
4.162591948000227,400,26.775,0.0,-14.0,8.0
4.164711387000352,400,26.775,0.0,-14.0,8.0
4.167760283000462,400,26.775,0.0,-14.0,8.0
4.169866443000501,400,26.775,0.0,-14.0,8.0
4.1720551389998946,400,26.775,0.0,-14.0,8.0
4.1741596840001876,400,26.775,0.0,-14.0,8.0
4.17626126200048,400,26.775,0.0,-14.0,8.0
4.179210854000303,400,26.775,0.0,-14.0,8.0
4.181748910000351,400,26.775,0.0,-14.0,8.0
4.183852206000665,400,26.775,0.0,-14.0,8.0
4.185952169000302,400,26.775,0.0,-14.0,8.0
4.188055048000024,400,26.775,0.0,-14.0,8.0
4.191001672000311,400,26.775,0.0,-14.0,8.0
4.193159489000209,400,26.775,0.0,-14.0,8.0
4.195261691000269,400,26.775,0.0,-16.0,8.0
4.197393419000036,400,26.775,0.0,-16.0,8.0
4.199545403000229,400,26.775,0.0,-16.0,8.0
4.202632520999941,400,26.775,0.0,-14.0,8.0
4.204739306000192,400,26.775,0.0,-14.0,8.0
4.207115154000348,400,26.775,0.0,-14.0,8.0
4.209221314000388,400,26.775,0.0,-14.0,8.0
4.211326224000004,400,26.775,0.0,-14.0,8.0
4.2148794499998985,400,26.775,0.0,-14.0,8.0
4.216985506000128,400,26.775,0.0,-14.0,8.0
4.219087708000188,400,26.775,0.0,-14.0,8.0
4.221191108000312,400,26.775,0.0,-14.0,8.0
4.223291436000181,400,26.775,0.0,-14.0,8.0
4.2262305089998335,400,26.775,0.0,-14.0,8.0
4.2283361480003805,400,26.775,0.0,-14.0,8.0
4.230439912999827,400,26.775,0.0,-14.0,8.0
4.232546229000036,400,26.775,0.0,-14.0,8.0
4.234647598000265,400,26.775,0.0,-14.0,8.0
4.237591566000447,400,26.775,0.0,-14.0,8.0
4.23969507000038,400,26.775,0.0,-14.0,8.0
4.241797949000102,400,26.775,0.0,-14.0,8.0
4.243899318000331,400,26.775,0.0,-14.0,8.0
4.245998969000539,400,26.775,0.0,-14.0,8.0
4.2498338610002975,400,26.775,0.0,-14.0,8.0
4.251990948000639,400,26.775,0.0,-14.0,8.0
4.254093618999832,400,26.775,0.0,-14.0,8.0
4.256194415000209,400,26.775,0.0,-14.0,8.0
4.259140050000497,400,26.775,0.0,-14.0,8.0
4.26439977300015,400,26.775,0.0,-14.0,8.0
4.266506036999999,400,26.775,0.0,-14.0,8.0
4.269542384000488,400,26.775,0.0,-14.0,8.0
4.271646721000252,400,26.775,0.0,-14.0,8.0
4.273747672999889,400,26.775,0.0,-14.0,8.0
4.275848782000139,400,26.775,0.0,-14.0,8.0
4.277948953000305,400,26.775,0.0,-14.0,8.0
4.282001668000703,400,26.775,0.0,-14.0,8.0
4.284104912000657,400,26.775,0.0,-14.0,8.0
4.286206437000146,400,26.775,0.0,-14.0,8.0
4.288310044999889,400,26.775,0.0,-14.0,8.0
4.291259325000283,400,26.775,0.0,-14.0,8.0
4.293362569000237,400,26.775,0.0,-14.0,8.0
4.295464927000467,400,26.775,0.0,-14.0,8.0
4.29756733800059,400,26.775,0.0,-14.0,8.0
4.299668602000565,400,26.775,0.0,-14.0,8.0
4.302613352000662,400,26.775,0.0,-14.0,8.0
4.304998417000206,400,26.775,0.0,-14.0,8.0
4.307100723000076,400,26.775,0.0,-14.0,8.0
4.309203757999967,400,26.775,0.0,-14.0,8.0
4.311303878000217,400,26.775,0.0,-14.0,8.0
4.314308615999835,400,26.775,0.0,-14.0,8.0
4.3164139420005085,400,26.775,0.0,-14.0,8.0
4.318518540000696,400,26.775,0.0,-14.0,8.0
4.32062292899991,400,26.775,0.0,-14.0,8.0
4.322725496000203,400,26.775,0.0,-14.0,8.0
4.325755593000395,400,26.775,0.0,-14.0,8.0
4.327864826000223,400,26.775,0.0,-14.0,8.0
4.329964580000706,400,26.775,0.0,-14.0,8.0
4.332065689000046,400,26.775,0.0,-14.0,8.0
4.334166433000064,400,26.775,0.0,-14.0,8.0
4.337868434000484,400,26.775,0.0,-14.0,8.0
4.33997344799991,400,26.775,0.0,-14.0,8.0
4.342074713000329,400,26.775,0.0,-14.0,8.0
4.34432001300047,400,26.775,0.0,-14.0,8.0
4.347275801000251,400,26.775,0.0,-14.0,8.0
4.349484545999985,400,26.775,0.0,-14.0,8.0
4.351592007000363,400,26.775,0.0,-14.0,8.0
4.353692387000592,400,26.775,0.0,-14.0,8.0
4.3557918810001865,400,26.775,0.0,-14.0,8.0
4.360214942000312,400,26.775,0.0,-14.0,8.0
4.3638264390001495,400,26.775,0.0,-14.0,8.0
4.3659326510005485,400,26.775,0.0,-14.0,8.0
4.368991856999855,400,26.775,0.0,-14.0,8.0
4.371096455000043,400,26.775,0.0,-14.0,8.0
4.373204489000273,400,26.775,0.0,-14.0,8.0
4.375307785000587,400,26.775,0.0,-14.0,8.0
4.377409519000139,400,26.775,0.0,-14.0,8.0
4.380360412999835,400,26.775,0.0,-14.0,8.0
4.383105409000564,400,26.775,0.0,-14.0,8.0
4.385207663000074,400,26.775,0.0,-14.0,8.0
4.387316531000579,400,26.775,0.0,-14.0,8.0
4.389422170000216,400,26.775,0.0,-14.0,8.0
4.392375928000547,400,26.775,0.0,-14.0,8.0
4.3944796400001,400,26.775,0.0,-14.0,8.0
4.396580541000731,400,26.775,0.0,-14.0,8.0
4.398683420000452,400,26.775,0.0,-14.0,8.0
4.400784372000089,400,26.775,0.0,-14.0,8.0
4.403839257000072,400,26.775,0.0,-14.0,8.0
4.405945104000239,400,26.775,0.0,-14.0,8.0
4.408049129000574,400,26.775,0.0,-14.0,8.0
4.410149665000063,400,26.775,0.0,-14.0,8.0
4.412249680000059,400,26.775,0.0,-14.0,8.0
4.415906533000452,400,26.775,0.0,-14.0,8.0
4.418013004999921,400,26.775,0.0,-14.0,8.0
4.42011427000034,400,26.775,0.0,-14.0,8.0
4.4223600900004385,400,26.775,0.0,-14.0,8.0
4.425301611000577,400,26.775,0.0,-14.0,8.0
4.427525717000208,400,26.775,0.0,-14.0,8.0
4.429629221000141,400,26.775,0.0,-14.0,8.0
4.4317292360001375,400,26.775,0.0,-14.0,8.0
4.433829094999965,400,26.775,0.0,-14.0,8.0
4.438128169000265,400,26.775,0.0,-14.0,8.0
4.440233078999881,400,26.775,0.0,-14.0,8.0
4.4423384580004495,400,26.775,0.0,-14.0,8.0
4.444442118000552,400,26.775,0.0,-14.0,8.0
4.4481157910004185,400,26.775,0.0,-14.0,8.0
4.450222471000416,400,26.775,0.0,-14.0,8.0
4.4523250900001585,400,26.775,0.0,-14.0,8.0
4.454807740000433,400,26.775,0.0,-14.0,8.0
4.4577501980002125,400,26.775,0.0,-14.0,8.0
4.459971597000731,400,26.775,0.0,-14.0,8.0
4.462075361000643,400,26.775,0.0,-14.0,8.0
4.465168572000039,400,26.775,0.0,-14.0,8.0
4.468118112000411,400,26.775,0.0,-14.0,8.0
4.47022442800062,400,26.775,0.0,-14.0,8.0
4.472326056999918,400,26.775,0.0,-14.0,8.0
4.474426333000338,400,26.775,0.0,-14.0,8.0
4.476526504000503,400,26.775,0.0,-14.0,8.0
4.479556862000209,400,26.775,0.0,-14.0,8.0
4.481660679000015,400,26.775,0.0,-14.0,8.0
4.483762724999906,400,26.775,0.0,-14.0,8.0
4.485862844000621,400,26.775,0.0,-14.0,8.0
4.487965827000153,400,26.775,0.0,-14.0,8.0
4.490914899000018,400,26.775,0.0,-14.0,8.0
4.493412024999998,400,26.775,0.0,-14.0,8.0
4.4955146960001,400,26.775,0.0,-14.0,8.0
4.497616794000351,400,26.775,0.0,-14.0,8.0
4.4997175910002625,400,26.775,0.0,-14.0,8.0
4.502660569,400,26.775,0.0,-14.0,8.0
4.5048676470005375,400,26.775,0.0,-14.0,8.0
4.506971671999963,400,26.775,0.0,-14.0,8.0
4.509075957000277,400,26.775,0.0,-14.0,8.0
4.511176233000697,400,26.775,0.0,-14.0,8.0
4.51551561100041,400,26.775,0.0,-14.0,8.0
4.517620053000428,400,26.775,0.0,-14.0,8.0
4.519722411000657,400,26.775,0.0,-14.0,8.0
4.521823884000696,400,26.775,0.0,-14.0,8.0
4.525355188000503,400,26.775,0.0,-14.0,8.0
4.527497539000251,400,26.775,0.0,-14.0,8.0
4.52959895999993,400,26.775,0.0,-14.0,8.0
4.531718138000542,400,26.775,0.0,-14.0,8.0
4.533821902999989,400,26.775,0.0,-14.0,8.0
4.537181573000453,400,26.775,0.0,-14.0,8.0
4.539286795000407,400,26.775,0.0,-14.0,8.0
4.5413893620007,400,26.775,0.0,-14.0,8.0
4.543487085999914,400,26.775,0.0,-14.0,8.0
4.545586424000248,400,26.775,0.0,-14.0,8.0
4.548532475000684,400,26.775,0.0,-14.0,8.0
4.5510385070001576,400,26.775,0.0,-14.0,8.0
4.553140136000366,400,26.775,0.0,-14.0,8.0
4.555238276000637,400,26.775,0.0,-14.0,8.0
4.5576728630003345,400,26.775,0.0,-14.0,8.0
4.560609177000515,400,26.775,0.0,-14.0,8.0
4.562711639000554,400,26.775,0.0,-14.0,8.0
4.57034398199994,400,26.775,0.0,-14.0,8.0
4.573303363999912,400,26.775,0.0,-14.0,8.0
4.5754869570000665,400,26.775,0.0,-14.0,8.0
4.577594523000698,400,26.775,0.0,-14.0,8.0
4.579699900999913,400,26.775,0.0,-14.0,8.0
4.581801999000163,400,26.775,0.0,-14.0,8.0
4.585160835999886,400,26.775,0.0,-14.0,8.0
4.587286680000034,400,26.775,0.0,-14.0,8.0
4.589480583000295,400,26.775,0.0,-14.0,8.0
4.591585910000504,400,26.775,0.0,-14.0,8.0
4.593690976000289,400,26.775,0.0,-14.0,8.0
4.597401985000033,400,26.775,0.0,-14.0,8.0
4.599507208000432,400,26.775,0.0,-14.0,8.0
4.6016087850002805,400,26.775,0.0,-14.0,8.0
4.603763060999881,400,26.775,0.0,-14.0,8.0
4.606702914999914,400,26.775,0.0,-14.0,8.0
4.608824644999913,400,26.775,0.0,-14.0,8.0
4.610925701000269,400,26.775,0.0,-14.0,8.0
4.613027435000731,400,26.775,0.0,-14.0,8.0
4.615126929000326,400,26.775,0.0,-14.0,8.0
4.618153955000707,400,26.775,0.0,-14.0,8.0
4.620259385000281,400,26.775,0.0,-14.0,8.0
4.622361587999876,400,26.775,0.0,-14.0,8.0
4.624461915000211,400,26.775,0.0,-14.0,8.0
4.626563649000673,400,26.775,0.0,-14.0,8.0
4.629550161000225,400,26.775,0.0,-14.0,8.0
4.631655956000031,400,26.775,0.0,-14.0,8.0
4.633757534000324,400,26.775,0.0,-14.0,8.0
4.635857809000299,400,26.775,0.0,-14.0,8.0
4.637959282000338,400,26.775,0.0,-14.0,8.0
4.640902938000181,400,26.775,0.0,-14.0,8.0
4.643364238000686,400,26.775,0.0,-14.0,8.0
4.64546769000026,400,26.775,0.0,-14.0,8.0
4.647570568999981,400,26.775,0.0,-14.0,8.0
4.649674750000486,400,26.775,0.0,-14.0,8.0
4.652621010000075,400,26.775,0.0,-14.0,8.0
4.654725712000072,400,26.775,0.0,-14.0,8.0
4.656828486999984,400,26.775,0.0,-14.0,8.0
4.6589339180000024,400,26.775,0.0,-14.0,8.0
4.661035181999978,400,26.775,0.0,-14.0,8.0
4.664040962000399,400,26.775,0.0,-14.0,8.0
4.667265189000318,400,26.775,0.0,-14.0,8.0
4.669467945000179,400,26.775,0.0,-14.0,8.0
4.671571449000112,400,26.775,0.0,-14.0,8.0
4.674716369000635,400,26.775,0.0,-14.0,8.0
4.676820914000018,400,26.775,0.0,-14.0,8.0
4.678926448999846,400,26.775,0.0,-14.0,8.0
4.681027141000413,400,26.775,0.0,-14.0,8.0
4.683128458000283,400,26.775,0.0,-14.0,8.0
4.686071281000295,400,26.775,0.0,-14.0,8.0
4.688176087000102,400,26.775,0.0,-14.0,8.0
4.6902776120005,400,26.775,0.0,-14.0,8.0
4.692378460000327,400,26.775,0.0,-14.0,8.0
4.695494061999852,400,26.775,0.0,-16.0,8.0
4.698436624999886,400,26.775,0.0,-16.0,8.0
4.700540544999967,400,26.775,0.0,-16.0,8.0
4.702641133000725,400,26.775,0.0,-14.0,8.0
4.704741825000383,400,26.775,0.0,-14.0,8.0
4.706841840000379,400,26.775,0.0,-14.0,8.0
4.710005349999847,400,26.775,0.0,-14.0,8.0
4.712111458000436,400,26.775,0.0,-14.0,8.0
4.714265161000185,400,26.775,0.0,-14.0,8.0
4.716368196000076,400,26.775,0.0,-14.0,8.0
4.718470919000538,400,26.775,0.0,-14.0,8.0
4.721412648000296,400,26.775,0.0,-14.0,8.0
4.72351604800042,400,26.775,0.0,-14.0,8.0
4.725618354000289,400,26.775,0.0,-14.0,8.0
4.727723421000519,400,26.775,0.0,-14.0,8.0
4.729828694999924,400,26.775,0.0,-14.0,8.0
4.732777090000127,400,26.775,0.0,-14.0,8.0
4.735067796999829,400,26.775,0.0,-14.0,8.0
4.737169531000291,400,26.775,0.0,-14.0,8.0
4.739269806000266,400,26.775,0.0,-14.0,8.0
4.741372373000559,400,26.775,0.0,-14.0,8.0
4.744317071000296,400,26.775,0.0,-14.0,8.0
4.746419011999933,400,26.775,0.0,-14.0,8.0
4.748519913000564,400,26.775,0.0,-14.0,8.0
4.750623313000688,400,26.775,0.0,-14.0,8.0
4.75272129699988,400,26.775,0.0,-14.0,8.0
4.75572254600047,400,26.775,0.0,-14.0,8.0
4.757827612000256,400,26.775,0.0,-14.0,8.0
4.759929398000168,400,26.775,0.0,-14.0,8.0
4.762030194000545,400,26.775,0.0,-14.0,8.0
4.764137967999886,400,26.775,0.0,-14.0,8.0
4.770600638999895,400,26.775,0.0,-14.0,8.0
4.772707527000421,400,26.775,0.0,-14.0,8.0
4.774836391000463,400,26.775,0.0,-14.0,8.0
4.777797700000519,400,26.775,0.0,-14.0,8.0
4.779902402000516,400,26.775,0.0,-14.0,8.0
4.7820061660004285,400,26.775,0.0,-14.0,8.0
4.784107639000467,400,26.775,0.0,-14.0,8.0
4.7862101540004005,400,26.775,0.0,-14.0,8.0
4.790332543000659,400,26.775,0.0,-14.0,8.0
4.79243651500019,400,26.775,0.0,-14.0,8.0
4.79453684300006,400,26.775,0.0,-14.0,8.0
4.796637795000606,400,26.775,0.0,-14.0,8.0
4.79962774500018,400,26.775,0.0,-14.0,8.0
4.801733019000494,400,26.775,0.0,-14.0,8.0
4.803833919000681,400,26.775,0.0,-14.0,8.0
4.805934091000381,400,26.775,0.0,-14.0,8.0
4.808069931999853,400,26.775,0.0,-14.0,8.0
4.811016765000204,400,26.775,0.0,-14.0,8.0
4.813485147000392,400,26.775,0.0,-16.0,8.0
4.815588338999987,400,26.775,0.0,-16.0,8.0
4.81769179100047,400,26.775,0.0,-16.0,8.0
4.819792483000128,400,26.775,0.0,-16.0,8.0
4.822733691000394,400,26.775,0.0,-16.0,8.0
4.824936654999874,400,26.775,0.0,-16.0,8.0
4.82704062799985,400,26.775,0.0,-14.0,8.0
4.82914845400046,400,26.775,0.0,-14.0,8.0
4.83124966700052,400,26.775,0.0,-14.0,8.0
4.835591232999832,400,26.775,0.0,-14.0,8.0
4.8376985900004,400,26.775,0.0,-14.0,8.0
4.839799282000058,400,26.775,0.0,-14.0,8.0
4.8419009640001605,400,26.775,0.0,-14.0,8.0
4.845518189000359,400,26.775,0.0,-14.0,8.0
4.847766405000584,400,26.775,0.0,-14.0,8.0
4.84987136700056,400,26.775,0.0,-14.0,8.0
4.851973777000239,400,26.775,0.0,-14.0,8.0
4.854925973000718,400,26.775,0.0,-14.0,8.0
4.857029217000672,400,26.775,0.0,-14.0,8.0
4.859132147999844,400,26.775,0.0,-14.0,8.0
4.861234246000095,400,26.775,0.0,-14.0,8.0
4.86333441700026,400,26.775,0.0,-14.0,8.0
4.8663031209998735,400,26.775,0.0,-14.0,8.0
4.870255229000577,400,26.775,0.0,-14.0,8.0
4.872360192000087,400,26.775,0.0,-14.0,8.0
4.874464997000359,400,26.775,0.0,-14.0,8.0
4.877416203999928,400,26.775,0.0,-14.0,8.0
4.879522520000137,400,26.775,0.0,-14.0,8.0
4.881627534000472,400,26.775,0.0,-14.0,8.0
4.883728434000659,400,26.775,0.0,-14.0,8.0
4.88582943900019,400,26.775,0.0,-14.0,8.0
4.888780177000626,400,26.775,0.0,-14.0,8.0
4.891038131000641,400,26.775,0.0,-14.0,8.0
4.8931398120003,400,26.775,0.0,-14.0,8.0
4.895239463000507,400,26.775,0.0,-14.0,8.0
4.897829696000372,400,26.775,0.0,-14.0,8.0
4.900771113000701,400,26.775,0.0,-14.0,8.0
4.9029905329998655,400,26.775,0.0,-14.0,8.0
4.905105024000477,400,26.775,0.0,-14.0,8.0
4.907207330000347,400,26.775,0.0,-14.0,8.0
4.909377175999907,400,26.775,0.0,-14.0,8.0
4.913338450000083,400,26.775,0.0,-14.0,8.0
4.915442162000545,400,26.775,0.0,-14.0,8.0
4.918230953000602,400,26.775,0.0,-14.0,8.0
4.920338365000134,400,26.775,0.0,-14.0,8.0
4.923547078000411,400,26.775,0.0,-14.0,8.0
4.925652459000048,400,26.775,0.0,-14.0,8.0
4.927755185000024,400,26.775,0.0,-14.0,8.0
4.9298870700004045,400,26.775,0.0,-14.0,8.0
4.9320119260000865,400,26.775,0.0,-14.0,8.0
4.935073844000726,400,26.775,0.0,-14.0,8.0
4.937231454000539,400,26.775,0.0,-14.0,8.0
4.939362246000201,400,26.775,0.0,-14.0,8.0
4.941515118000098,400,26.775,0.0,-14.0,8.0
4.943619456999841,400,26.775,0.0,-14.0,8.0
4.946735114000148,400,26.775,0.0,-14.0,8.0
4.9491292940001586,400,26.775,0.0,-14.0,8.0
4.951232800000071,400,26.775,0.0,-14.0,8.0
4.9533334420002575,400,26.775,0.0,-14.0,8.0
4.955758814000546,400,26.775,0.0,-14.0,8.0
4.958702785000241,400,26.775,0.0,-14.0,8.0
4.960920332000569,400,26.775,0.0,-14.0,8.0
4.963023420999889,400,26.775,0.0,-14.0,8.0
4.965126198000689,400,26.775,0.0,-14.0,8.0
4.967264124999929,400,26.775,0.0,-14.0,8.0
4.97359786800007,400,26.775,0.0,-14.0,8.0
4.976057296000363,400,26.775,0.0,-14.0,8.0
4.978188765000596,400,26.775,0.0,-14.0,8.0
4.981421692000367,400,26.775,0.0,-14.0,8.0
4.983527332999984,400,26.775,0.0,-14.0,8.0
4.9856294850005725,400,26.775,0.0,-14.0,8.0
4.98773200100004,400,26.775,0.0,-14.0,8.0
4.989833268000439,400,26.775,0.0,-14.0,8.0
4.99278078000043,400,26.775,0.0,-14.0,8.0
4.995352478999848,400,26.775,0.0,-14.0,8.0
4.997457598999972,400,26.775,0.0,-14.0,8.0
4.999558709000667,400,26.775,0.0,-14.0,8.0
